[2026-08-19T00:01:01.078+0000] {manager.py:483} INFO - Processing files using up to 2 processes at a time 
[2026-08-19T00:01:01.079+0000] {manager.py:484} INFO - Process each file at most once every 30 seconds
[2026-08-19T00:01:01.079+0000] {manager.py:485} INFO - Checking for new files in /opt/airflow/dags every 300 seconds
[2026-08-19T00:01:01.079+0000] {manager.py:821} INFO - Searching for files in /opt/airflow/dags
[2026-08-19T00:01:01.083+0000] {manager.py:824} INFO - There are 1 files in /opt/airflow/dags
[2026-08-19T00:01:01.122+0000] {manager.py:997} INFO - 
================================================================================
DAG File Processing Stats

File Path                                  PID  Runtime      # DAGs    # Errors  Last Runtime    Last Run      Last # of DB Queries
---------------------------------------  -----  ---------  --------  ----------  --------------  ----------  ----------------------
/opt/airflow/dags/arrivalytica_daily.py    195  0.01s             0           0                                                   0
================================================================================
[2026-08-19T00:01:31.400+0000] {manager.py:997} INFO - 
================================================================================
DAG File Processing Stats

File Path                                  PID  Runtime      # DAGs    # Errors  Last Runtime    Last Run               Last # of DB Queries
---------------------------------------  -----  ---------  --------  ----------  --------------  -------------------  ----------------------
/opt/airflow/dags/arrivalytica_daily.py    219  0.01s             1           0  0.14s           2026-08-19T00:01:01                      45
================================================================================
[2026-08-19T00:02:01.830+0000] {manager.py:997} INFO - 
================================================================================
DAG File Processing Stats

File Path                                  PID  Runtime      # DAGs    # Errors  Last Runtime    Last Run               Last # of DB Queries
---------------------------------------  -----  ---------  --------  ----------  --------------  -------------------  ----------------------
/opt/airflow/dags/arrivalytica_daily.py    231  0.01s             1           0  0.11s           2026-08-19T00:01:31                      12
================================================================================
[2026-08-19T00:02:32.152+0000] {manager.py:997} INFO - 
================================================================================
DAG File Processing Stats

File Path                                  PID  Runtime      # DAGs    # Errors  Last Runtime    Last Run               Last # of DB Queries
---------------------------------------  -----  ---------  --------  ----------  --------------  -------------------  ----------------------
/opt/airflow/dags/arrivalytica_daily.py    236  0.01s             1           0  0.11s           2026-08-19T00:02:01                      12
================================================================================
[2026-08-19T00:03:02.452+0000] {manager.py:997} INFO - 
================================================================================
DAG File Processing Stats

File Path                                  PID  Runtime      # DAGs    # Errors  Last Runtime    Last Run               Last # of DB Queries
---------------------------------------  -----  ---------  --------  ----------  --------------  -------------------  ----------------------
/opt/airflow/dags/arrivalytica_daily.py    241  0.00s             1           0  0.11s           2026-08-19T00:02:32                      12
================================================================================
[2026-08-19T00:03:32.796+0000] {manager.py:997} INFO - 
================================================================================
DAG File Processing Stats

File Path                                  PID  Runtime      # DAGs    # Errors  Last Runtime    Last Run               Last # of DB Queries
---------------------------------------  -----  ---------  --------  ----------  --------------  -------------------  ----------------------
/opt/airflow/dags/arrivalytica_daily.py    246  0.01s             1           0  0.09s           2026-08-19T00:03:02                      12
================================================================================
[2026-08-19T00:04:03.106+0000] {manager.py:997} INFO - 
================================================================================
DAG File Processing Stats

File Path                                  PID  Runtime      # DAGs    # Errors  Last Runtime    Last Run               Last # of DB Queries
---------------------------------------  -----  ---------  --------  ----------  --------------  -------------------  ----------------------
/opt/airflow/dags/arrivalytica_daily.py    251  0.00s             1           0  0.09s           2026-08-19T00:03:32                      12
================================================================================
[2026-08-19T00:04:33.395+0000] {manager.py:997} INFO - 
================================================================================
DAG File Processing Stats

File Path                                  PID  Runtime      # DAGs    # Errors  Last Runtime    Last Run               Last # of DB Queries
---------------------------------------  -----  ---------  --------  ----------  --------------  -------------------  ----------------------
/opt/airflow/dags/arrivalytica_daily.py    256  0.00s             1           0  0.08s           2026-08-19T00:04:03                      12
================================================================================
[2026-08-19T00:05:03.715+0000] {manager.py:997} INFO - 
================================================================================
DAG File Processing Stats

File Path                                  PID  Runtime      # DAGs    # Errors  Last Runtime    Last Run               Last # of DB Queries
---------------------------------------  -----  ---------  --------  ----------  --------------  -------------------  ----------------------
/opt/airflow/dags/arrivalytica_daily.py    261  0.01s             1           0  0.06s           2026-08-19T00:04:33                      12
================================================================================
[2026-08-19T00:05:34.075+0000] {manager.py:997} INFO - 
================================================================================
DAG File Processing Stats

File Path                                  PID  Runtime      # DAGs    # Errors  Last Runtime    Last Run               Last # of DB Queries
---------------------------------------  -----  ---------  --------  ----------  --------------  -------------------  ----------------------
/opt/airflow/dags/arrivalytica_daily.py    266  0.01s             1           0  0.10s           2026-08-19T00:05:03                      12
================================================================================
[2026-08-19T00:06:01.394+0000] {manager.py:821} INFO - Searching for files in /opt/airflow/dags
[2026-08-19T00:06:01.401+0000] {manager.py:824} INFO - There are 1 files in /opt/airflow/dags
[2026-08-19T00:06:04.472+0000] {manager.py:997} INFO - 
================================================================================
DAG File Processing Stats

File Path                                  PID  Runtime      # DAGs    # Errors  Last Runtime    Last Run               Last # of DB Queries
---------------------------------------  -----  ---------  --------  ----------  --------------  -------------------  ----------------------
/opt/airflow/dags/arrivalytica_daily.py    271  0.01s             1           0  0.11s           2026-08-19T00:05:34                      12
================================================================================
[2026-08-19T00:06:34.813+0000] {manager.py:997} INFO - 
================================================================================
DAG File Processing Stats

File Path                                  PID  Runtime      # DAGs    # Errors  Last Runtime    Last Run               Last # of DB Queries
---------------------------------------  -----  ---------  --------  ----------  --------------  -------------------  ----------------------
/opt/airflow/dags/arrivalytica_daily.py    276  0.01s             1           0  0.12s           2026-08-19T00:06:04                      12
================================================================================
[2026-08-19T00:07:05.194+0000] {manager.py:997} INFO - 
================================================================================
DAG File Processing Stats

File Path                                  PID  Runtime      # DAGs    # Errors  Last Runtime    Last Run               Last # of DB Queries
---------------------------------------  -----  ---------  --------  ----------  --------------  -------------------  ----------------------
/opt/airflow/dags/arrivalytica_daily.py    281  0.01s             1           0  0.10s           2026-08-19T00:06:34                      12
================================================================================
[2026-08-19T00:07:35.532+0000] {manager.py:997} INFO - 
================================================================================
DAG File Processing Stats

File Path                                  PID  Runtime      # DAGs    # Errors  Last Runtime    Last Run               Last # of DB Queries
---------------------------------------  -----  ---------  --------  ----------  --------------  -------------------  ----------------------
/opt/airflow/dags/arrivalytica_daily.py    286  0.00s             1           0  0.10s           2026-08-19T00:07:05                      12
================================================================================
[2026-08-19T00:08:05.845+0000] {manager.py:997} INFO - 
================================================================================
DAG File Processing Stats

File Path                                  PID  Runtime      # DAGs    # Errors  Last Runtime    Last Run               Last # of DB Queries
---------------------------------------  -----  ---------  --------  ----------  --------------  -------------------  ----------------------
/opt/airflow/dags/arrivalytica_daily.py    291  0.00s             1           0  0.08s           2026-08-19T00:07:35                      12
================================================================================
[2026-08-19T00:08:36.162+0000] {manager.py:997} INFO - 
================================================================================
DAG File Processing Stats

File Path                                  PID  Runtime      # DAGs    # Errors  Last Runtime    Last Run               Last # of DB Queries
---------------------------------------  -----  ---------  --------  ----------  --------------  -------------------  ----------------------
/opt/airflow/dags/arrivalytica_daily.py    296  0.00s             1           0  0.08s           2026-08-19T00:08:05                      12
================================================================================
[2026-08-19T00:09:06.475+0000] {manager.py:997} INFO - 
================================================================================
DAG File Processing Stats

File Path                                  PID  Runtime      # DAGs    # Errors  Last Runtime    Last Run               Last # of DB Queries
---------------------------------------  -----  ---------  --------  ----------  --------------  -------------------  ----------------------
/opt/airflow/dags/arrivalytica_daily.py    301  0.00s             1           0  0.08s           2026-08-19T00:08:36                      12
================================================================================
[2026-08-19T00:09:36.767+0000] {manager.py:997} INFO - 
================================================================================
DAG File Processing Stats

File Path                                  PID  Runtime      # DAGs    # Errors  Last Runtime    Last Run               Last # of DB Queries
---------------------------------------  -----  ---------  --------  ----------  --------------  -------------------  ----------------------
/opt/airflow/dags/arrivalytica_daily.py    306  0.00s             1           0  0.09s           2026-08-19T00:09:06                      12
================================================================================
[2026-08-19T00:10:07.078+0000] {manager.py:997} INFO - 
================================================================================
DAG File Processing Stats

File Path                                  PID  Runtime      # DAGs    # Errors  Last Runtime    Last Run               Last # of DB Queries
---------------------------------------  -----  ---------  --------  ----------  --------------  -------------------  ----------------------
/opt/airflow/dags/arrivalytica_daily.py    311  0.00s             1           0  0.08s           2026-08-19T00:09:36                      12
================================================================================
[2026-08-19T00:10:37.367+0000] {manager.py:997} INFO - 
================================================================================
DAG File Processing Stats

File Path                                  PID  Runtime      # DAGs    # Errors  Last Runtime    Last Run               Last # of DB Queries
---------------------------------------  -----  ---------  --------  ----------  --------------  -------------------  ----------------------
/opt/airflow/dags/arrivalytica_daily.py    316  0.00s             1           0  0.07s           2026-08-19T00:10:07                      12
================================================================================
[2026-08-19T00:11:01.574+0000] {manager.py:821} INFO - Searching for files in /opt/airflow/dags
[2026-08-19T00:11:01.579+0000] {manager.py:824} INFO - There are 1 files in /opt/airflow/dags
[2026-08-19T00:11:07.654+0000] {manager.py:997} INFO - 
================================================================================
DAG File Processing Stats

File Path                                  PID  Runtime      # DAGs    # Errors  Last Runtime    Last Run               Last # of DB Queries
---------------------------------------  -----  ---------  --------  ----------  --------------  -------------------  ----------------------
/opt/airflow/dags/arrivalytica_daily.py    321  0.00s             1           0  0.08s           2026-08-19T00:10:37                      12
================================================================================
[2026-08-19T00:11:37.993+0000] {manager.py:997} INFO - 
================================================================================
DAG File Processing Stats

File Path                                  PID  Runtime      # DAGs    # Errors  Last Runtime    Last Run               Last # of DB Queries
---------------------------------------  -----  ---------  --------  ----------  --------------  -------------------  ----------------------
/opt/airflow/dags/arrivalytica_daily.py    326  0.01s             1           0  0.08s           2026-08-19T00:11:07                      12
================================================================================
[2026-08-19T00:12:08.340+0000] {manager.py:997} INFO - 
================================================================================
DAG File Processing Stats

File Path                                  PID  Runtime      # DAGs    # Errors  Last Runtime    Last Run               Last # of DB Queries
---------------------------------------  -----  ---------  --------  ----------  --------------  -------------------  ----------------------
/opt/airflow/dags/arrivalytica_daily.py    331  0.00s             1           0  0.10s           2026-08-19T00:11:38                      12
================================================================================
[2026-08-19T00:12:38.722+0000] {manager.py:997} INFO - 
================================================================================
DAG File Processing Stats

File Path                                  PID  Runtime      # DAGs    # Errors  Last Runtime    Last Run               Last # of DB Queries
---------------------------------------  -----  ---------  --------  ----------  --------------  -------------------  ----------------------
/opt/airflow/dags/arrivalytica_daily.py    336  0.01s             1           0  0.05s           2026-08-19T00:12:08                      12
================================================================================
[2026-08-19T00:13:09.046+0000] {manager.py:997} INFO - 
================================================================================
DAG File Processing Stats

File Path                                  PID  Runtime      # DAGs    # Errors  Last Runtime    Last Run               Last # of DB Queries
---------------------------------------  -----  ---------  --------  ----------  --------------  -------------------  ----------------------
/opt/airflow/dags/arrivalytica_daily.py    341  0.00s             1           0  0.11s           2026-08-19T00:12:38                      12
================================================================================
[2026-08-19T00:13:39.436+0000] {manager.py:997} INFO - 
================================================================================
DAG File Processing Stats

File Path                                  PID  Runtime      # DAGs    # Errors  Last Runtime    Last Run               Last # of DB Queries
---------------------------------------  -----  ---------  --------  ----------  --------------  -------------------  ----------------------
/opt/airflow/dags/arrivalytica_daily.py    346  0.00s             1           0  0.08s           2026-08-19T00:13:09                      12
================================================================================
[2026-08-19T00:14:09.757+0000] {manager.py:997} INFO - 
================================================================================
DAG File Processing Stats

File Path                                  PID  Runtime      # DAGs    # Errors  Last Runtime    Last Run               Last # of DB Queries
---------------------------------------  -----  ---------  --------  ----------  --------------  -------------------  ----------------------
/opt/airflow/dags/arrivalytica_daily.py    351  0.00s             1           0  0.09s           2026-08-19T00:13:39                      12
================================================================================
[2026-08-19T00:14:40.101+0000] {manager.py:997} INFO - 
================================================================================
DAG File Processing Stats

File Path                                  PID  Runtime      # DAGs    # Errors  Last Runtime    Last Run               Last # of DB Queries
---------------------------------------  -----  ---------  --------  ----------  --------------  -------------------  ----------------------
/opt/airflow/dags/arrivalytica_daily.py    356  0.00s             1           0  0.06s           2026-08-19T00:14:09                      12
================================================================================
[2026-08-19T00:15:10.419+0000] {manager.py:997} INFO - 
================================================================================
DAG File Processing Stats

File Path                                  PID  Runtime      # DAGs    # Errors  Last Runtime    Last Run               Last # of DB Queries
---------------------------------------  -----  ---------  --------  ----------  --------------  -------------------  ----------------------
/opt/airflow/dags/arrivalytica_daily.py    361  0.00s             1           0  0.08s           2026-08-19T00:14:40                      12
================================================================================
[2026-08-19T00:15:40.769+0000] {manager.py:997} INFO - 
================================================================================
DAG File Processing Stats

File Path                                  PID  Runtime      # DAGs    # Errors  Last Runtime    Last Run               Last # of DB Queries
---------------------------------------  -----  ---------  --------  ----------  --------------  -------------------  ----------------------
/opt/airflow/dags/arrivalytica_daily.py    366  0.00s             1           0  0.08s           2026-08-19T00:15:10                      12
================================================================================
[2026-08-19T00:16:01.976+0000] {manager.py:821} INFO - Searching for files in /opt/airflow/dags
[2026-08-19T00:16:01.983+0000] {manager.py:824} INFO - There are 1 files in /opt/airflow/dags
[2026-08-19T00:16:11.090+0000] {manager.py:997} INFO - 
================================================================================
DAG File Processing Stats

File Path                                  PID  Runtime      # DAGs    # Errors  Last Runtime    Last Run               Last # of DB Queries
---------------------------------------  -----  ---------  --------  ----------  --------------  -------------------  ----------------------
/opt/airflow/dags/arrivalytica_daily.py    371  0.00s             1           0  0.09s           2026-08-19T00:15:40                      12
================================================================================
[2026-08-19T00:16:41.429+0000] {manager.py:997} INFO - 
================================================================================
DAG File Processing Stats

File Path                                  PID  Runtime      # DAGs    # Errors  Last Runtime    Last Run               Last # of DB Queries
---------------------------------------  -----  ---------  --------  ----------  --------------  -------------------  ----------------------
/opt/airflow/dags/arrivalytica_daily.py    376  0.00s             1           0  0.08s           2026-08-19T00:16:11                      12
================================================================================
[2026-08-19T00:17:11.777+0000] {manager.py:997} INFO - 
================================================================================
DAG File Processing Stats

File Path                                  PID  Runtime      # DAGs    # Errors  Last Runtime    Last Run               Last # of DB Queries
---------------------------------------  -----  ---------  --------  ----------  --------------  -------------------  ----------------------
/opt/airflow/dags/arrivalytica_daily.py    381  0.00s             1           0  0.09s           2026-08-19T00:16:41                      12
================================================================================
[2026-08-19T00:17:42.098+0000] {manager.py:997} INFO - 
================================================================================
DAG File Processing Stats

File Path                                  PID  Runtime      # DAGs    # Errors  Last Runtime    Last Run               Last # of DB Queries
---------------------------------------  -----  ---------  --------  ----------  --------------  -------------------  ----------------------
/opt/airflow/dags/arrivalytica_daily.py    386  0.00s             1           0  0.08s           2026-08-19T00:17:11                      12
================================================================================
[2026-08-19T00:18:12.484+0000] {manager.py:997} INFO - 
================================================================================
DAG File Processing Stats

File Path                                  PID  Runtime      # DAGs    # Errors  Last Runtime    Last Run               Last # of DB Queries
---------------------------------------  -----  ---------  --------  ----------  --------------  -------------------  ----------------------
/opt/airflow/dags/arrivalytica_daily.py    391  0.00s             1           0  0.10s           2026-08-19T00:17:42                      12
================================================================================
[2026-08-19T00:18:42.847+0000] {manager.py:997} INFO - 
================================================================================
DAG File Processing Stats

File Path                                  PID  Runtime      # DAGs    # Errors  Last Runtime    Last Run               Last # of DB Queries
---------------------------------------  -----  ---------  --------  ----------  --------------  -------------------  ----------------------
/opt/airflow/dags/arrivalytica_daily.py    396  0.00s             1           0  0.08s           2026-08-19T00:18:12                      12
================================================================================
[2026-08-19T00:19:13.165+0000] {manager.py:997} INFO - 
================================================================================
DAG File Processing Stats

File Path                                  PID  Runtime      # DAGs    # Errors  Last Runtime    Last Run               Last # of DB Queries
---------------------------------------  -----  ---------  --------  ----------  --------------  -------------------  ----------------------
/opt/airflow/dags/arrivalytica_daily.py    401  0.00s             1           0  0.08s           2026-08-19T00:18:42                      12
================================================================================
[2026-08-19T00:19:43.495+0000] {manager.py:997} INFO - 
================================================================================
DAG File Processing Stats

File Path                                  PID  Runtime      # DAGs    # Errors  Last Runtime    Last Run               Last # of DB Queries
---------------------------------------  -----  ---------  --------  ----------  --------------  -------------------  ----------------------
/opt/airflow/dags/arrivalytica_daily.py    406  0.00s             1           0  0.08s           2026-08-19T00:19:13                      12
================================================================================
[2026-08-19T00:20:13.819+0000] {manager.py:997} INFO - 
================================================================================
DAG File Processing Stats

File Path                                  PID  Runtime      # DAGs    # Errors  Last Runtime    Last Run               Last # of DB Queries
---------------------------------------  -----  ---------  --------  ----------  --------------  -------------------  ----------------------
/opt/airflow/dags/arrivalytica_daily.py    411  0.00s             1           0  0.10s           2026-08-19T00:19:43                      12
================================================================================
[2026-08-19T00:20:44.052+0000] {manager.py:997} INFO - 
================================================================================
DAG File Processing Stats

File Path                                  PID  Runtime      # DAGs    # Errors  Last Runtime    Last Run               Last # of DB Queries
---------------------------------------  -----  ---------  --------  ----------  --------------  -------------------  ----------------------
/opt/airflow/dags/arrivalytica_daily.py    416  0.00s             1           0  0.07s           2026-08-19T00:20:13                      12
================================================================================
[2026-08-19T00:21:02.275+0000] {manager.py:821} INFO - Searching for files in /opt/airflow/dags
[2026-08-19T00:21:02.283+0000] {manager.py:824} INFO - There are 1 files in /opt/airflow/dags
[2026-08-19T00:21:14.411+0000] {manager.py:997} INFO - 
================================================================================
DAG File Processing Stats

File Path                                  PID  Runtime      # DAGs    # Errors  Last Runtime    Last Run               Last # of DB Queries
---------------------------------------  -----  ---------  --------  ----------  --------------  -------------------  ----------------------
/opt/airflow/dags/arrivalytica_daily.py    421  0.00s             1           0  0.08s           2026-08-19T00:20:44                      12
================================================================================
[2026-08-19T00:21:44.701+0000] {manager.py:997} INFO - 
================================================================================
DAG File Processing Stats

File Path                                  PID  Runtime      # DAGs    # Errors  Last Runtime    Last Run               Last # of DB Queries
---------------------------------------  -----  ---------  --------  ----------  --------------  -------------------  ----------------------
/opt/airflow/dags/arrivalytica_daily.py    426  0.00s             1           0  0.07s           2026-08-19T00:21:14                      12
================================================================================
[2026-08-19T00:22:15.046+0000] {manager.py:997} INFO - 
================================================================================
DAG File Processing Stats

File Path                                  PID  Runtime      # DAGs    # Errors  Last Runtime    Last Run               Last # of DB Queries
---------------------------------------  -----  ---------  --------  ----------  --------------  -------------------  ----------------------
/opt/airflow/dags/arrivalytica_daily.py    431  0.00s             1           0  0.07s           2026-08-19T00:21:44                      12
================================================================================
[2026-08-19T00:22:45.392+0000] {manager.py:997} INFO - 
================================================================================
DAG File Processing Stats

File Path                                  PID  Runtime      # DAGs    # Errors  Last Runtime    Last Run               Last # of DB Queries
---------------------------------------  -----  ---------  --------  ----------  --------------  -------------------  ----------------------
/opt/airflow/dags/arrivalytica_daily.py    436  0.01s             1           0  0.07s           2026-08-19T00:22:15                      12
================================================================================
[2026-08-19T00:23:15.731+0000] {manager.py:997} INFO - 
================================================================================
DAG File Processing Stats

File Path                                  PID  Runtime      # DAGs    # Errors  Last Runtime    Last Run               Last # of DB Queries
---------------------------------------  -----  ---------  --------  ----------  --------------  -------------------  ----------------------
/opt/airflow/dags/arrivalytica_daily.py    441  0.01s             1           0  0.10s           2026-08-19T00:22:45                      12
================================================================================
[2026-08-19T00:23:46.052+0000] {manager.py:997} INFO - 
================================================================================
DAG File Processing Stats

File Path                                  PID  Runtime      # DAGs    # Errors  Last Runtime    Last Run               Last # of DB Queries
---------------------------------------  -----  ---------  --------  ----------  --------------  -------------------  ----------------------
/opt/airflow/dags/arrivalytica_daily.py    446  0.00s             1           0  0.10s           2026-08-19T00:23:15                      12
================================================================================
[2026-08-19T00:24:16.413+0000] {manager.py:997} INFO - 
================================================================================
DAG File Processing Stats

File Path                                  PID  Runtime      # DAGs    # Errors  Last Runtime    Last Run               Last # of DB Queries
---------------------------------------  -----  ---------  --------  ----------  --------------  -------------------  ----------------------
/opt/airflow/dags/arrivalytica_daily.py    451  0.00s             1           0  0.08s           2026-08-19T00:23:46                      12
================================================================================
[2026-08-19T00:24:46.768+0000] {manager.py:997} INFO - 
================================================================================
DAG File Processing Stats

File Path                                  PID  Runtime      # DAGs    # Errors  Last Runtime    Last Run               Last # of DB Queries
---------------------------------------  -----  ---------  --------  ----------  --------------  -------------------  ----------------------
/opt/airflow/dags/arrivalytica_daily.py    456  0.01s             1           0  0.08s           2026-08-19T00:24:16                      12
================================================================================
[2026-08-19T00:25:17.127+0000] {manager.py:997} INFO - 
================================================================================
DAG File Processing Stats

File Path                                  PID  Runtime      # DAGs    # Errors  Last Runtime    Last Run               Last # of DB Queries
---------------------------------------  -----  ---------  --------  ----------  --------------  -------------------  ----------------------
/opt/airflow/dags/arrivalytica_daily.py    461  0.00s             1           0  0.09s           2026-08-19T00:24:46                      12
================================================================================
[2026-08-19T00:25:47.460+0000] {manager.py:997} INFO - 
================================================================================
DAG File Processing Stats

File Path                                  PID  Runtime      # DAGs    # Errors  Last Runtime    Last Run               Last # of DB Queries
---------------------------------------  -----  ---------  --------  ----------  --------------  -------------------  ----------------------
/opt/airflow/dags/arrivalytica_daily.py    466  0.01s             1           0  0.07s           2026-08-19T00:25:17                      12
================================================================================
[2026-08-19T00:26:02.635+0000] {manager.py:821} INFO - Searching for files in /opt/airflow/dags
[2026-08-19T00:26:02.644+0000] {manager.py:824} INFO - There are 1 files in /opt/airflow/dags
[2026-08-19T00:26:17.831+0000] {manager.py:997} INFO - 
================================================================================
DAG File Processing Stats

File Path                                  PID  Runtime      # DAGs    # Errors  Last Runtime    Last Run               Last # of DB Queries
---------------------------------------  -----  ---------  --------  ----------  --------------  -------------------  ----------------------
/opt/airflow/dags/arrivalytica_daily.py    471  0.00s             1           0  0.09s           2026-08-19T00:25:47                      12
================================================================================
[2026-08-19T00:26:48.131+0000] {manager.py:997} INFO - 
================================================================================
DAG File Processing Stats

File Path                                  PID  Runtime      # DAGs    # Errors  Last Runtime    Last Run               Last # of DB Queries
---------------------------------------  -----  ---------  --------  ----------  --------------  -------------------  ----------------------
/opt/airflow/dags/arrivalytica_daily.py    476  0.00s             1           0  0.08s           2026-08-19T00:26:17                      12
================================================================================
[2026-08-19T00:27:18.478+0000] {manager.py:997} INFO - 
================================================================================
DAG File Processing Stats

File Path                                  PID  Runtime      # DAGs    # Errors  Last Runtime    Last Run               Last # of DB Queries
---------------------------------------  -----  ---------  --------  ----------  --------------  -------------------  ----------------------
/opt/airflow/dags/arrivalytica_daily.py    481  0.00s             1           0  0.09s           2026-08-19T00:26:48                      12
================================================================================
[2026-08-19T00:27:48.815+0000] {manager.py:997} INFO - 
================================================================================
DAG File Processing Stats

File Path                                  PID  Runtime      # DAGs    # Errors  Last Runtime    Last Run               Last # of DB Queries
---------------------------------------  -----  ---------  --------  ----------  --------------  -------------------  ----------------------
/opt/airflow/dags/arrivalytica_daily.py    486  0.00s             1           0  0.09s           2026-08-19T00:27:18                      12
================================================================================
[2026-08-19T00:28:19.132+0000] {manager.py:997} INFO - 
================================================================================
DAG File Processing Stats

File Path                                  PID  Runtime      # DAGs    # Errors  Last Runtime    Last Run               Last # of DB Queries
---------------------------------------  -----  ---------  --------  ----------  --------------  -------------------  ----------------------
/opt/airflow/dags/arrivalytica_daily.py    491  0.01s             1           0  0.09s           2026-08-19T00:27:48                      12
================================================================================
[2026-08-19T00:28:49.438+0000] {manager.py:997} INFO - 
================================================================================
DAG File Processing Stats

File Path                                  PID  Runtime      # DAGs    # Errors  Last Runtime    Last Run               Last # of DB Queries
---------------------------------------  -----  ---------  --------  ----------  --------------  -------------------  ----------------------
/opt/airflow/dags/arrivalytica_daily.py    496  0.00s             1           0  0.09s           2026-08-19T00:28:19                      12
================================================================================
[2026-08-19T00:29:19.766+0000] {manager.py:997} INFO - 
================================================================================
DAG File Processing Stats

File Path                                  PID  Runtime      # DAGs    # Errors  Last Runtime    Last Run               Last # of DB Queries
---------------------------------------  -----  ---------  --------  ----------  --------------  -------------------  ----------------------
/opt/airflow/dags/arrivalytica_daily.py    501  0.00s             1           0  0.09s           2026-08-19T00:28:49                      12
================================================================================
[2026-08-19T00:29:50.049+0000] {manager.py:997} INFO - 
================================================================================
DAG File Processing Stats

File Path                                  PID  Runtime      # DAGs    # Errors  Last Runtime    Last Run               Last # of DB Queries
---------------------------------------  -----  ---------  --------  ----------  --------------  -------------------  ----------------------
/opt/airflow/dags/arrivalytica_daily.py    507  0.01s             1           0  0.08s           2026-08-19T00:29:19                      12
================================================================================
[2026-08-19T00:30:20.404+0000] {manager.py:997} INFO - 
================================================================================
DAG File Processing Stats

File Path                                  PID  Runtime      # DAGs    # Errors  Last Runtime    Last Run               Last # of DB Queries
---------------------------------------  -----  ---------  --------  ----------  --------------  -------------------  ----------------------
/opt/airflow/dags/arrivalytica_daily.py    512  0.00s             1           0  0.12s           2026-08-19T00:29:50                      12
================================================================================
[2026-08-19T00:30:50.750+0000] {manager.py:997} INFO - 
================================================================================
DAG File Processing Stats

File Path                                  PID  Runtime      # DAGs    # Errors  Last Runtime    Last Run               Last # of DB Queries
---------------------------------------  -----  ---------  --------  ----------  --------------  -------------------  ----------------------
/opt/airflow/dags/arrivalytica_daily.py    517  0.01s             1           0  0.09s           2026-08-19T00:30:20                      12
================================================================================
[2026-08-19T00:31:02.888+0000] {manager.py:821} INFO - Searching for files in /opt/airflow/dags
[2026-08-19T00:31:02.896+0000] {manager.py:824} INFO - There are 1 files in /opt/airflow/dags
[2026-08-19T00:31:21.099+0000] {manager.py:997} INFO - 
================================================================================
DAG File Processing Stats

File Path                                  PID  Runtime      # DAGs    # Errors  Last Runtime    Last Run               Last # of DB Queries
---------------------------------------  -----  ---------  --------  ----------  --------------  -------------------  ----------------------
/opt/airflow/dags/arrivalytica_daily.py    522  0.00s             1           0  0.10s           2026-08-19T00:30:50                      12
================================================================================
[2026-08-19T00:31:51.472+0000] {manager.py:997} INFO - 
================================================================================
DAG File Processing Stats

File Path                                  PID  Runtime      # DAGs    # Errors  Last Runtime    Last Run               Last # of DB Queries
---------------------------------------  -----  ---------  --------  ----------  --------------  -------------------  ----------------------
/opt/airflow/dags/arrivalytica_daily.py    527  0.00s             1           0  0.08s           2026-08-19T00:31:21                      12
================================================================================
[2026-08-19T00:32:21.817+0000] {manager.py:997} INFO - 
================================================================================
DAG File Processing Stats

File Path                                  PID  Runtime      # DAGs    # Errors  Last Runtime    Last Run               Last # of DB Queries
---------------------------------------  -----  ---------  --------  ----------  --------------  -------------------  ----------------------
/opt/airflow/dags/arrivalytica_daily.py    532  0.00s             1           0  0.08s           2026-08-19T00:31:51                      12
================================================================================
[2026-08-19T00:32:52.134+0000] {manager.py:997} INFO - 
================================================================================
DAG File Processing Stats

File Path                                  PID  Runtime      # DAGs    # Errors  Last Runtime    Last Run               Last # of DB Queries
---------------------------------------  -----  ---------  --------  ----------  --------------  -------------------  ----------------------
/opt/airflow/dags/arrivalytica_daily.py    537  0.00s             1           0  0.08s           2026-08-19T00:32:21                      12
================================================================================
[2026-08-19T00:33:22.483+0000] {manager.py:997} INFO - 
================================================================================
DAG File Processing Stats

File Path                                  PID  Runtime      # DAGs    # Errors  Last Runtime    Last Run               Last # of DB Queries
---------------------------------------  -----  ---------  --------  ----------  --------------  -------------------  ----------------------
/opt/airflow/dags/arrivalytica_daily.py    542  0.00s             1           0  0.08s           2026-08-19T00:32:52                      12
================================================================================
[2026-08-19T00:33:52.815+0000] {manager.py:997} INFO - 
================================================================================
DAG File Processing Stats

File Path                                  PID  Runtime      # DAGs    # Errors  Last Runtime    Last Run               Last # of DB Queries
---------------------------------------  -----  ---------  --------  ----------  --------------  -------------------  ----------------------
/opt/airflow/dags/arrivalytica_daily.py    547  0.01s             1           0  0.07s           2026-08-19T00:33:22                      12
================================================================================
[2026-08-19T00:34:23.129+0000] {manager.py:997} INFO - 
================================================================================
DAG File Processing Stats

File Path                                  PID  Runtime      # DAGs    # Errors  Last Runtime    Last Run               Last # of DB Queries
---------------------------------------  -----  ---------  --------  ----------  --------------  -------------------  ----------------------
/opt/airflow/dags/arrivalytica_daily.py    563  0.00s             1           0  0.08s           2026-08-19T00:33:52                      12
================================================================================
[2026-08-19T00:34:53.463+0000] {manager.py:997} INFO - 
================================================================================
DAG File Processing Stats

File Path                                  PID  Runtime      # DAGs    # Errors  Last Runtime    Last Run               Last # of DB Queries
---------------------------------------  -----  ---------  --------  ----------  --------------  -------------------  ----------------------
/opt/airflow/dags/arrivalytica_daily.py    645  0.00s             1           0  0.07s           2026-08-19T00:34:23                      12
================================================================================
[2026-08-19T00:35:23.843+0000] {manager.py:997} INFO - 
================================================================================
DAG File Processing Stats

File Path                                  PID  Runtime      # DAGs    # Errors  Last Runtime    Last Run               Last # of DB Queries
---------------------------------------  -----  ---------  --------  ----------  --------------  -------------------  ----------------------
/opt/airflow/dags/arrivalytica_daily.py    650  0.01s             1           0  0.08s           2026-08-19T00:34:53                      12
================================================================================
[2026-08-19T00:35:54.175+0000] {manager.py:997} INFO - 
================================================================================
DAG File Processing Stats

File Path                                  PID  Runtime      # DAGs    # Errors  Last Runtime    Last Run               Last # of DB Queries
---------------------------------------  -----  ---------  --------  ----------  --------------  -------------------  ----------------------
/opt/airflow/dags/arrivalytica_daily.py    655  0.00s             1           0  0.10s           2026-08-19T00:35:23                      12
================================================================================
[2026-08-19T00:36:03.256+0000] {manager.py:821} INFO - Searching for files in /opt/airflow/dags
[2026-08-19T00:36:03.263+0000] {manager.py:824} INFO - There are 1 files in /opt/airflow/dags
[2026-08-19T00:36:24.486+0000] {manager.py:997} INFO - 
================================================================================
DAG File Processing Stats

File Path                                  PID  Runtime      # DAGs    # Errors  Last Runtime    Last Run               Last # of DB Queries
---------------------------------------  -----  ---------  --------  ----------  --------------  -------------------  ----------------------
/opt/airflow/dags/arrivalytica_daily.py    660  0.00s             1           0  0.09s           2026-08-19T00:35:54                      12
================================================================================
[2026-08-19T00:36:54.845+0000] {manager.py:997} INFO - 
================================================================================
DAG File Processing Stats

File Path                                  PID  Runtime      # DAGs    # Errors  Last Runtime    Last Run               Last # of DB Queries
---------------------------------------  -----  ---------  --------  ----------  --------------  -------------------  ----------------------
/opt/airflow/dags/arrivalytica_daily.py    665  0.00s             1           0  0.08s           2026-08-19T00:36:24                      12
================================================================================
[2026-08-19T00:37:25.140+0000] {manager.py:997} INFO - 
================================================================================
DAG File Processing Stats

File Path                                  PID  Runtime      # DAGs    # Errors  Last Runtime    Last Run               Last # of DB Queries
---------------------------------------  -----  ---------  --------  ----------  --------------  -------------------  ----------------------
/opt/airflow/dags/arrivalytica_daily.py    670  0.01s             1           0  0.08s           2026-08-19T00:36:54                      12
================================================================================
[2026-08-19T00:37:55.451+0000] {manager.py:997} INFO - 
================================================================================
DAG File Processing Stats

File Path                                  PID  Runtime      # DAGs    # Errors  Last Runtime    Last Run               Last # of DB Queries
---------------------------------------  -----  ---------  --------  ----------  --------------  -------------------  ----------------------
/opt/airflow/dags/arrivalytica_daily.py    675  0.01s             1           0  0.08s           2026-08-19T00:37:25                      12
================================================================================
[2026-08-19T00:38:25.763+0000] {manager.py:997} INFO - 
================================================================================
DAG File Processing Stats

File Path                                  PID  Runtime      # DAGs    # Errors  Last Runtime    Last Run               Last # of DB Queries
---------------------------------------  -----  ---------  --------  ----------  --------------  -------------------  ----------------------
/opt/airflow/dags/arrivalytica_daily.py    680  0.01s             1           0  0.08s           2026-08-19T00:37:55                      12
================================================================================
[2026-08-19T00:38:56.063+0000] {manager.py:997} INFO - 
================================================================================
DAG File Processing Stats

File Path                                  PID  Runtime      # DAGs    # Errors  Last Runtime    Last Run               Last # of DB Queries
---------------------------------------  -----  ---------  --------  ----------  --------------  -------------------  ----------------------
/opt/airflow/dags/arrivalytica_daily.py    685  0.01s             1           0  0.09s           2026-08-19T00:38:25                      12
================================================================================
[2026-08-19T00:39:26.444+0000] {manager.py:997} INFO - 
================================================================================
DAG File Processing Stats

File Path                                  PID  Runtime      # DAGs    # Errors  Last Runtime    Last Run               Last # of DB Queries
---------------------------------------  -----  ---------  --------  ----------  --------------  -------------------  ----------------------
/opt/airflow/dags/arrivalytica_daily.py    690  0.01s             1           0  0.10s           2026-08-19T00:38:56                      12
================================================================================
[2026-08-19T00:39:56.771+0000] {manager.py:997} INFO - 
================================================================================
DAG File Processing Stats

File Path                                  PID  Runtime      # DAGs    # Errors  Last Runtime    Last Run               Last # of DB Queries
---------------------------------------  -----  ---------  --------  ----------  --------------  -------------------  ----------------------
/opt/airflow/dags/arrivalytica_daily.py    695  0.00s             1           0  0.10s           2026-08-19T00:39:26                      12
================================================================================
[2026-08-19T00:40:27.152+0000] {manager.py:997} INFO - 
================================================================================
DAG File Processing Stats

File Path                                  PID  Runtime      # DAGs    # Errors  Last Runtime    Last Run               Last # of DB Queries
---------------------------------------  -----  ---------  --------  ----------  --------------  -------------------  ----------------------
/opt/airflow/dags/arrivalytica_daily.py    700  0.00s             1           0  0.09s           2026-08-19T00:39:56                      12
================================================================================
[2026-08-19T00:40:57.468+0000] {manager.py:997} INFO - 
================================================================================
DAG File Processing Stats

File Path                                  PID  Runtime      # DAGs    # Errors  Last Runtime    Last Run               Last # of DB Queries
---------------------------------------  -----  ---------  --------  ----------  --------------  -------------------  ----------------------
/opt/airflow/dags/arrivalytica_daily.py    705  0.01s             1           0  0.08s           2026-08-19T00:40:27                      12
================================================================================
[2026-08-19T00:41:03.571+0000] {manager.py:821} INFO - Searching for files in /opt/airflow/dags
[2026-08-19T00:41:03.580+0000] {manager.py:824} INFO - There are 1 files in /opt/airflow/dags
[2026-08-19T00:41:27.844+0000] {manager.py:997} INFO - 
================================================================================
DAG File Processing Stats

File Path                                  PID  Runtime      # DAGs    # Errors  Last Runtime    Last Run               Last # of DB Queries
---------------------------------------  -----  ---------  --------  ----------  --------------  -------------------  ----------------------
/opt/airflow/dags/arrivalytica_daily.py    710  0.00s             1           0  0.08s           2026-08-19T00:40:57                      12
================================================================================
[2026-08-19T00:41:58.160+0000] {manager.py:997} INFO - 
================================================================================
DAG File Processing Stats

File Path                                  PID  Runtime      # DAGs    # Errors  Last Runtime    Last Run               Last # of DB Queries
---------------------------------------  -----  ---------  --------  ----------  --------------  -------------------  ----------------------
/opt/airflow/dags/arrivalytica_daily.py    715  0.00s             1           0  0.09s           2026-08-19T00:41:27                      12
================================================================================
[2026-08-19T00:42:28.498+0000] {manager.py:997} INFO - 
================================================================================
DAG File Processing Stats

File Path                                  PID  Runtime      # DAGs    # Errors  Last Runtime    Last Run               Last # of DB Queries
---------------------------------------  -----  ---------  --------  ----------  --------------  -------------------  ----------------------
/opt/airflow/dags/arrivalytica_daily.py    720  0.00s             1           0  0.09s           2026-08-19T00:41:58                      12
================================================================================
[2026-08-19T00:42:58.837+0000] {manager.py:997} INFO - 
================================================================================
DAG File Processing Stats

File Path                                  PID  Runtime      # DAGs    # Errors  Last Runtime    Last Run               Last # of DB Queries
---------------------------------------  -----  ---------  --------  ----------  --------------  -------------------  ----------------------
/opt/airflow/dags/arrivalytica_daily.py    725  0.01s             1           0  0.08s           2026-08-19T00:42:28                      12
================================================================================
[2026-08-19T00:43:29.160+0000] {manager.py:997} INFO - 
================================================================================
DAG File Processing Stats

File Path                                  PID  Runtime      # DAGs    # Errors  Last Runtime    Last Run               Last # of DB Queries
---------------------------------------  -----  ---------  --------  ----------  --------------  -------------------  ----------------------
/opt/airflow/dags/arrivalytica_daily.py    730  0.00s             1           0  0.09s           2026-08-19T00:42:58                      12
================================================================================
[2026-08-19T00:43:59.567+0000] {manager.py:997} INFO - 
================================================================================
DAG File Processing Stats

File Path                                  PID  Runtime      # DAGs    # Errors  Last Runtime    Last Run               Last # of DB Queries
---------------------------------------  -----  ---------  --------  ----------  --------------  -------------------  ----------------------
/opt/airflow/dags/arrivalytica_daily.py    735  0.01s             1           0  0.09s           2026-08-19T00:43:29                      12
================================================================================
[2026-08-19T00:44:29.951+0000] {manager.py:997} INFO - 
================================================================================
DAG File Processing Stats

File Path                                  PID  Runtime      # DAGs    # Errors  Last Runtime    Last Run               Last # of DB Queries
---------------------------------------  -----  ---------  --------  ----------  --------------  -------------------  ----------------------
/opt/airflow/dags/arrivalytica_daily.py    740  0.01s             1           0  0.13s           2026-08-19T00:43:59                      12
================================================================================
[2026-08-19T00:45:00.311+0000] {manager.py:997} INFO - 
================================================================================
DAG File Processing Stats

File Path                                  PID  Runtime      # DAGs    # Errors  Last Runtime    Last Run               Last # of DB Queries
---------------------------------------  -----  ---------  --------  ----------  --------------  -------------------  ----------------------
/opt/airflow/dags/arrivalytica_daily.py    745  0.00s             1           0  0.11s           2026-08-19T00:44:30                      12
================================================================================
[2026-08-19T00:45:30.584+0000] {manager.py:997} INFO - 
================================================================================
DAG File Processing Stats

File Path                                  PID  Runtime      # DAGs    # Errors  Last Runtime    Last Run               Last # of DB Queries
---------------------------------------  -----  ---------  --------  ----------  --------------  -------------------  ----------------------
/opt/airflow/dags/arrivalytica_daily.py    750  0.00s             1           0  0.05s           2026-08-19T00:45:00                      12
================================================================================
[2026-08-19T00:46:00.884+0000] {manager.py:997} INFO - 
================================================================================
DAG File Processing Stats

File Path                                  PID  Runtime      # DAGs    # Errors  Last Runtime    Last Run               Last # of DB Queries
---------------------------------------  -----  ---------  --------  ----------  --------------  -------------------  ----------------------
/opt/airflow/dags/arrivalytica_daily.py    755  0.00s             1           0  0.06s           2026-08-19T00:45:30                      12
================================================================================
[2026-08-19T00:46:03.944+0000] {manager.py:821} INFO - Searching for files in /opt/airflow/dags
[2026-08-19T00:46:03.950+0000] {manager.py:824} INFO - There are 1 files in /opt/airflow/dags
[2026-08-19T00:46:31.285+0000] {manager.py:997} INFO - 
================================================================================
DAG File Processing Stats

File Path                                  PID  Runtime      # DAGs    # Errors  Last Runtime    Last Run               Last # of DB Queries
---------------------------------------  -----  ---------  --------  ----------  --------------  -------------------  ----------------------
/opt/airflow/dags/arrivalytica_daily.py    760  0.02s             1           0  0.08s           2026-08-19T00:46:00                      12
================================================================================
[2026-08-19T00:47:01.630+0000] {manager.py:997} INFO - 
================================================================================
DAG File Processing Stats

File Path                                  PID  Runtime      # DAGs    # Errors  Last Runtime    Last Run               Last # of DB Queries
---------------------------------------  -----  ---------  --------  ----------  --------------  -------------------  ----------------------
/opt/airflow/dags/arrivalytica_daily.py    765  0.00s             1           0  0.14s           2026-08-19T00:46:31                      12
================================================================================
[2026-08-19T00:47:31.968+0000] {manager.py:997} INFO - 
================================================================================
DAG File Processing Stats

File Path                                  PID  Runtime      # DAGs    # Errors  Last Runtime    Last Run               Last # of DB Queries
---------------------------------------  -----  ---------  --------  ----------  --------------  -------------------  ----------------------
/opt/airflow/dags/arrivalytica_daily.py    770  0.00s             1           0  0.06s           2026-08-19T00:47:01                      12
================================================================================
[2026-08-19T00:48:02.309+0000] {manager.py:997} INFO - 
================================================================================
DAG File Processing Stats

File Path                                  PID  Runtime      # DAGs    # Errors  Last Runtime    Last Run               Last # of DB Queries
---------------------------------------  -----  ---------  --------  ----------  --------------  -------------------  ----------------------
/opt/airflow/dags/arrivalytica_daily.py    775  0.00s             1           0  0.08s           2026-08-19T00:47:32                      12
================================================================================
[2026-08-19T00:48:32.588+0000] {manager.py:997} INFO - 
================================================================================
DAG File Processing Stats

File Path                                  PID  Runtime      # DAGs    # Errors  Last Runtime    Last Run               Last # of DB Queries
---------------------------------------  -----  ---------  --------  ----------  --------------  -------------------  ----------------------
/opt/airflow/dags/arrivalytica_daily.py    780  0.01s             1           0  0.08s           2026-08-19T00:48:02                      12
================================================================================
[2026-08-19T00:49:02.980+0000] {manager.py:997} INFO - 
================================================================================
DAG File Processing Stats

File Path                                  PID  Runtime      # DAGs    # Errors  Last Runtime    Last Run               Last # of DB Queries
---------------------------------------  -----  ---------  --------  ----------  --------------  -------------------  ----------------------
/opt/airflow/dags/arrivalytica_daily.py    785  0.00s             1           0  0.11s           2026-08-19T00:48:32                      12
================================================================================
[2026-08-19T00:49:33.348+0000] {manager.py:997} INFO - 
================================================================================
DAG File Processing Stats

File Path                                  PID  Runtime      # DAGs    # Errors  Last Runtime    Last Run               Last # of DB Queries
---------------------------------------  -----  ---------  --------  ----------  --------------  -------------------  ----------------------
/opt/airflow/dags/arrivalytica_daily.py    790  0.02s             1           0  0.08s           2026-08-19T00:49:03                      12
================================================================================
[2026-08-19T00:50:03.710+0000] {manager.py:997} INFO - 
================================================================================
DAG File Processing Stats

File Path                                  PID  Runtime      # DAGs    # Errors  Last Runtime    Last Run               Last # of DB Queries
---------------------------------------  -----  ---------  --------  ----------  --------------  -------------------  ----------------------
/opt/airflow/dags/arrivalytica_daily.py    795  0.00s             1           0  0.16s           2026-08-19T00:49:33                      12
================================================================================
[2026-08-19T00:50:34.149+0000] {manager.py:997} INFO - 
================================================================================
DAG File Processing Stats

File Path                                  PID  Runtime      # DAGs    # Errors  Last Runtime    Last Run               Last # of DB Queries
---------------------------------------  -----  ---------  --------  ----------  --------------  -------------------  ----------------------
/opt/airflow/dags/arrivalytica_daily.py    800  0.00s             1           0  0.08s           2026-08-19T00:50:03                      12
================================================================================
[2026-08-19T00:51:04.505+0000] {manager.py:821} INFO - Searching for files in /opt/airflow/dags
[2026-08-19T00:51:04.514+0000] {manager.py:824} INFO - There are 1 files in /opt/airflow/dags
[2026-08-19T00:51:04.532+0000] {manager.py:997} INFO - 
================================================================================
DAG File Processing Stats

File Path                                  PID  Runtime      # DAGs    # Errors  Last Runtime    Last Run               Last # of DB Queries
---------------------------------------  -----  ---------  --------  ----------  --------------  -------------------  ----------------------
/opt/airflow/dags/arrivalytica_daily.py    805  0.00s             1           0  0.08s           2026-08-19T00:50:34                      12
================================================================================
[2026-08-19T00:51:34.877+0000] {manager.py:997} INFO - 
================================================================================
DAG File Processing Stats

File Path                                  PID  Runtime      # DAGs    # Errors  Last Runtime    Last Run               Last # of DB Queries
---------------------------------------  -----  ---------  --------  ----------  --------------  -------------------  ----------------------
/opt/airflow/dags/arrivalytica_daily.py    810  0.01s             1           0  0.07s           2026-08-19T00:51:04                      12
================================================================================
[2026-08-19T00:52:05.135+0000] {manager.py:997} INFO - 
================================================================================
DAG File Processing Stats

File Path                                  PID  Runtime      # DAGs    # Errors  Last Runtime    Last Run               Last # of DB Queries
---------------------------------------  -----  ---------  --------  ----------  --------------  -------------------  ----------------------
/opt/airflow/dags/arrivalytica_daily.py    815  0.00s             1           0  0.11s           2026-08-19T00:51:34                      12
================================================================================
[2026-08-19T00:52:35.429+0000] {manager.py:997} INFO - 
================================================================================
DAG File Processing Stats

File Path                                  PID  Runtime      # DAGs    # Errors  Last Runtime    Last Run               Last # of DB Queries
---------------------------------------  -----  ---------  --------  ----------  --------------  -------------------  ----------------------
/opt/airflow/dags/arrivalytica_daily.py    820  0.00s             1           0  0.06s           2026-08-19T00:52:05                      12
================================================================================
[2026-08-19T00:53:05.736+0000] {manager.py:997} INFO - 
================================================================================
DAG File Processing Stats

File Path                                  PID  Runtime      # DAGs    # Errors  Last Runtime    Last Run               Last # of DB Queries
---------------------------------------  -----  ---------  --------  ----------  --------------  -------------------  ----------------------
/opt/airflow/dags/arrivalytica_daily.py    825  0.00s             1           0  0.08s           2026-08-19T00:52:35                      12
================================================================================
[2026-08-19T00:53:36.043+0000] {manager.py:997} INFO - 
================================================================================
DAG File Processing Stats

File Path                                  PID  Runtime      # DAGs    # Errors  Last Runtime    Last Run               Last # of DB Queries
---------------------------------------  -----  ---------  --------  ----------  --------------  -------------------  ----------------------
/opt/airflow/dags/arrivalytica_daily.py    830  0.01s             1           0  0.08s           2026-08-19T00:53:05                      12
================================================================================
[2026-08-19T00:54:06.369+0000] {manager.py:997} INFO - 
================================================================================
DAG File Processing Stats

File Path                                  PID  Runtime      # DAGs    # Errors  Last Runtime    Last Run               Last # of DB Queries
---------------------------------------  -----  ---------  --------  ----------  --------------  -------------------  ----------------------
/opt/airflow/dags/arrivalytica_daily.py    835  0.01s             1           0  0.12s           2026-08-19T00:53:36                      12
================================================================================
[2026-08-19T00:54:36.640+0000] {manager.py:997} INFO - 
================================================================================
DAG File Processing Stats

File Path                                  PID  Runtime      # DAGs    # Errors  Last Runtime    Last Run               Last # of DB Queries
---------------------------------------  -----  ---------  --------  ----------  --------------  -------------------  ----------------------
/opt/airflow/dags/arrivalytica_daily.py    840  0.00s             1           0  0.11s           2026-08-19T00:54:06                      12
================================================================================
[2026-08-19T00:55:06.893+0000] {manager.py:997} INFO - 
================================================================================
DAG File Processing Stats

File Path                                  PID  Runtime      # DAGs    # Errors  Last Runtime    Last Run               Last # of DB Queries
---------------------------------------  -----  ---------  --------  ----------  --------------  -------------------  ----------------------
/opt/airflow/dags/arrivalytica_daily.py    845  0.00s             1           0  0.08s           2026-08-19T00:54:36                      12
================================================================================
[2026-08-19T00:55:37.177+0000] {manager.py:997} INFO - 
================================================================================
DAG File Processing Stats

File Path                                  PID  Runtime      # DAGs    # Errors  Last Runtime    Last Run               Last # of DB Queries
---------------------------------------  -----  ---------  --------  ----------  --------------  -------------------  ----------------------
/opt/airflow/dags/arrivalytica_daily.py    850  0.00s             1           0  0.08s           2026-08-19T00:55:06                      12
================================================================================
[2026-08-19T00:56:05.479+0000] {manager.py:821} INFO - Searching for files in /opt/airflow/dags
[2026-08-19T00:56:05.488+0000] {manager.py:824} INFO - There are 1 files in /opt/airflow/dags
[2026-08-19T00:56:07.538+0000] {manager.py:997} INFO - 
================================================================================
DAG File Processing Stats

File Path                                  PID  Runtime      # DAGs    # Errors  Last Runtime    Last Run               Last # of DB Queries
---------------------------------------  -----  ---------  --------  ----------  --------------  -------------------  ----------------------
/opt/airflow/dags/arrivalytica_daily.py    855  0.01s             1           0  0.07s           2026-08-19T00:55:37                      12
================================================================================
[2026-08-19T00:56:37.861+0000] {manager.py:997} INFO - 
================================================================================
DAG File Processing Stats

File Path                                  PID  Runtime      # DAGs    # Errors  Last Runtime    Last Run               Last # of DB Queries
---------------------------------------  -----  ---------  --------  ----------  --------------  -------------------  ----------------------
/opt/airflow/dags/arrivalytica_daily.py    860  0.00s             1           0  0.12s           2026-08-19T00:56:07                      12
================================================================================
[2026-08-19T00:57:08.202+0000] {manager.py:997} INFO - 
================================================================================
DAG File Processing Stats

File Path                                  PID  Runtime      # DAGs    # Errors  Last Runtime    Last Run               Last # of DB Queries
---------------------------------------  -----  ---------  --------  ----------  --------------  -------------------  ----------------------
/opt/airflow/dags/arrivalytica_daily.py    865  0.00s             1           0  0.09s           2026-08-19T00:56:37                      12
================================================================================
[2026-08-19T00:57:38.527+0000] {manager.py:997} INFO - 
================================================================================
DAG File Processing Stats

File Path                                  PID  Runtime      # DAGs    # Errors  Last Runtime    Last Run               Last # of DB Queries
---------------------------------------  -----  ---------  --------  ----------  --------------  -------------------  ----------------------
/opt/airflow/dags/arrivalytica_daily.py    870  0.00s             1           0  0.09s           2026-08-19T00:57:08                      12
================================================================================
[2026-08-19T00:58:08.851+0000] {manager.py:997} INFO - 
================================================================================
DAG File Processing Stats

File Path                                  PID  Runtime      # DAGs    # Errors  Last Runtime    Last Run               Last # of DB Queries
---------------------------------------  -----  ---------  --------  ----------  --------------  -------------------  ----------------------
/opt/airflow/dags/arrivalytica_daily.py    875  0.00s             1           0  0.08s           2026-08-19T00:57:38                      12
================================================================================
[2026-08-19T00:58:39.175+0000] {manager.py:997} INFO - 
================================================================================
DAG File Processing Stats

File Path                                  PID  Runtime      # DAGs    # Errors  Last Runtime    Last Run               Last # of DB Queries
---------------------------------------  -----  ---------  --------  ----------  --------------  -------------------  ----------------------
/opt/airflow/dags/arrivalytica_daily.py    880  0.01s             1           0  0.08s           2026-08-19T00:58:08                      12
================================================================================
[2026-08-19T00:59:09.530+0000] {manager.py:997} INFO - 
================================================================================
DAG File Processing Stats

File Path                                  PID  Runtime      # DAGs    # Errors  Last Runtime    Last Run               Last # of DB Queries
---------------------------------------  -----  ---------  --------  ----------  --------------  -------------------  ----------------------
/opt/airflow/dags/arrivalytica_daily.py    885  0.00s             1           0  0.10s           2026-08-19T00:58:39                      12
================================================================================
[2026-08-19T00:59:39.869+0000] {manager.py:997} INFO - 
================================================================================
DAG File Processing Stats

File Path                                  PID  Runtime      # DAGs    # Errors  Last Runtime    Last Run               Last # of DB Queries
---------------------------------------  -----  ---------  --------  ----------  --------------  -------------------  ----------------------
/opt/airflow/dags/arrivalytica_daily.py    890  0.00s             1           0  0.10s           2026-08-19T00:59:09                      12
================================================================================
[2026-08-19T01:00:10.175+0000] {manager.py:997} INFO - 
================================================================================
DAG File Processing Stats

File Path                                  PID  Runtime      # DAGs    # Errors  Last Runtime    Last Run               Last # of DB Queries
---------------------------------------  -----  ---------  --------  ----------  --------------  -------------------  ----------------------
/opt/airflow/dags/arrivalytica_daily.py    895  0.01s             1           0  0.08s           2026-08-19T00:59:39                      12
================================================================================
[2026-08-19T01:00:40.528+0000] {manager.py:997} INFO - 
================================================================================
DAG File Processing Stats

File Path                                  PID  Runtime      # DAGs    # Errors  Last Runtime    Last Run               Last # of DB Queries
---------------------------------------  -----  ---------  --------  ----------  --------------  -------------------  ----------------------
/opt/airflow/dags/arrivalytica_daily.py    900  0.00s             1           0  0.08s           2026-08-19T01:00:10                      12
================================================================================
[2026-08-19T01:01:05.807+0000] {manager.py:821} INFO - Searching for files in /opt/airflow/dags
[2026-08-19T01:01:05.812+0000] {manager.py:824} INFO - There are 1 files in /opt/airflow/dags
[2026-08-19T01:01:10.861+0000] {manager.py:997} INFO - 
================================================================================
DAG File Processing Stats

File Path                                  PID  Runtime      # DAGs    # Errors  Last Runtime    Last Run               Last # of DB Queries
---------------------------------------  -----  ---------  --------  ----------  --------------  -------------------  ----------------------
/opt/airflow/dags/arrivalytica_daily.py    905  0.00s             1           0  0.09s           2026-08-19T01:00:40                      12
================================================================================
[2026-08-19T01:01:41.232+0000] {manager.py:997} INFO - 
================================================================================
DAG File Processing Stats

File Path                                  PID  Runtime      # DAGs    # Errors  Last Runtime    Last Run               Last # of DB Queries
---------------------------------------  -----  ---------  --------  ----------  --------------  -------------------  ----------------------
/opt/airflow/dags/arrivalytica_daily.py    910  0.01s             1           0  0.07s           2026-08-19T01:01:10                      12
================================================================================
[2026-08-19T01:02:11.576+0000] {manager.py:997} INFO - 
================================================================================
DAG File Processing Stats

File Path                                  PID  Runtime      # DAGs    # Errors  Last Runtime    Last Run               Last # of DB Queries
---------------------------------------  -----  ---------  --------  ----------  --------------  -------------------  ----------------------
/opt/airflow/dags/arrivalytica_daily.py    915  0.01s             1           0  0.12s           2026-08-19T01:01:41                      12
================================================================================
[2026-08-19T01:02:41.906+0000] {manager.py:997} INFO - 
================================================================================
DAG File Processing Stats

File Path                                  PID  Runtime      # DAGs    # Errors  Last Runtime    Last Run               Last # of DB Queries
---------------------------------------  -----  ---------  --------  ----------  --------------  -------------------  ----------------------
/opt/airflow/dags/arrivalytica_daily.py    920  0.00s             1           0  0.11s           2026-08-19T01:02:11                      12
================================================================================
[2026-08-19T01:03:12.265+0000] {manager.py:997} INFO - 
================================================================================
DAG File Processing Stats

File Path                                  PID  Runtime      # DAGs    # Errors  Last Runtime    Last Run               Last # of DB Queries
---------------------------------------  -----  ---------  --------  ----------  --------------  -------------------  ----------------------
/opt/airflow/dags/arrivalytica_daily.py    925  0.01s             1           0  0.09s           2026-08-19T01:02:41                      12
================================================================================
[2026-08-19T01:03:42.543+0000] {manager.py:997} INFO - 
================================================================================
DAG File Processing Stats

File Path                                  PID  Runtime      # DAGs    # Errors  Last Runtime    Last Run               Last # of DB Queries
---------------------------------------  -----  ---------  --------  ----------  --------------  -------------------  ----------------------
/opt/airflow/dags/arrivalytica_daily.py    930  0.00s             1           0  0.08s           2026-08-19T01:03:12                      12
================================================================================
[2026-08-19T01:04:12.906+0000] {manager.py:997} INFO - 
================================================================================
DAG File Processing Stats

File Path                                  PID  Runtime      # DAGs    # Errors  Last Runtime    Last Run               Last # of DB Queries
---------------------------------------  -----  ---------  --------  ----------  --------------  -------------------  ----------------------
/opt/airflow/dags/arrivalytica_daily.py    935  0.00s             1           0  0.05s           2026-08-19T01:03:42                      12
================================================================================
[2026-08-19T01:04:43.252+0000] {manager.py:997} INFO - 
================================================================================
DAG File Processing Stats

File Path                                  PID  Runtime      # DAGs    # Errors  Last Runtime    Last Run               Last # of DB Queries
---------------------------------------  -----  ---------  --------  ----------  --------------  -------------------  ----------------------
/opt/airflow/dags/arrivalytica_daily.py    940  0.00s             1           0  0.08s           2026-08-19T01:04:12                      12
================================================================================
[2026-08-19T01:05:13.577+0000] {manager.py:997} INFO - 
================================================================================
DAG File Processing Stats

File Path                                  PID  Runtime      # DAGs    # Errors  Last Runtime    Last Run               Last # of DB Queries
---------------------------------------  -----  ---------  --------  ----------  --------------  -------------------  ----------------------
/opt/airflow/dags/arrivalytica_daily.py    945  0.00s             1           0  0.08s           2026-08-19T01:04:43                      12
================================================================================
[2026-08-19T01:05:43.889+0000] {manager.py:997} INFO - 
================================================================================
DAG File Processing Stats

File Path                                  PID  Runtime      # DAGs    # Errors  Last Runtime    Last Run               Last # of DB Queries
---------------------------------------  -----  ---------  --------  ----------  --------------  -------------------  ----------------------
/opt/airflow/dags/arrivalytica_daily.py    950  0.01s             1           0  0.08s           2026-08-19T01:05:13                      12
================================================================================
[2026-08-19T01:06:06.089+0000] {manager.py:821} INFO - Searching for files in /opt/airflow/dags
[2026-08-19T01:06:06.099+0000] {manager.py:824} INFO - There are 1 files in /opt/airflow/dags
[2026-08-19T01:06:14.198+0000] {manager.py:997} INFO - 
================================================================================
DAG File Processing Stats

File Path                                  PID  Runtime      # DAGs    # Errors  Last Runtime    Last Run               Last # of DB Queries
---------------------------------------  -----  ---------  --------  ----------  --------------  -------------------  ----------------------
/opt/airflow/dags/arrivalytica_daily.py    955  0.00s             1           0  0.10s           2026-08-19T01:05:43                      12
================================================================================
[2026-08-19T01:06:44.480+0000] {manager.py:997} INFO - 
================================================================================
DAG File Processing Stats

File Path                                  PID  Runtime      # DAGs    # Errors  Last Runtime    Last Run               Last # of DB Queries
---------------------------------------  -----  ---------  --------  ----------  --------------  -------------------  ----------------------
/opt/airflow/dags/arrivalytica_daily.py    960  0.00s             1           0  0.09s           2026-08-19T01:06:14                      12
================================================================================
[2026-08-19T01:07:14.760+0000] {manager.py:997} INFO - 
================================================================================
DAG File Processing Stats

File Path                                  PID  Runtime      # DAGs    # Errors  Last Runtime    Last Run               Last # of DB Queries
---------------------------------------  -----  ---------  --------  ----------  --------------  -------------------  ----------------------
/opt/airflow/dags/arrivalytica_daily.py    965  0.00s             1           0  0.08s           2026-08-19T01:06:44                      12
================================================================================
[2026-08-19T01:07:45.032+0000] {manager.py:997} INFO - 
================================================================================
DAG File Processing Stats

File Path                                  PID  Runtime      # DAGs    # Errors  Last Runtime    Last Run               Last # of DB Queries
---------------------------------------  -----  ---------  --------  ----------  --------------  -------------------  ----------------------
/opt/airflow/dags/arrivalytica_daily.py    970  0.00s             1           0  0.08s           2026-08-19T01:07:14                      12
================================================================================
[2026-08-19T01:08:15.325+0000] {manager.py:997} INFO - 
================================================================================
DAG File Processing Stats

File Path                                  PID  Runtime      # DAGs    # Errors  Last Runtime    Last Run               Last # of DB Queries
---------------------------------------  -----  ---------  --------  ----------  --------------  -------------------  ----------------------
/opt/airflow/dags/arrivalytica_daily.py    975  0.00s             1           0  0.08s           2026-08-19T01:07:45                      12
================================================================================
[2026-08-19T01:08:45.631+0000] {manager.py:997} INFO - 
================================================================================
DAG File Processing Stats

File Path                                  PID  Runtime      # DAGs    # Errors  Last Runtime    Last Run               Last # of DB Queries
---------------------------------------  -----  ---------  --------  ----------  --------------  -------------------  ----------------------
/opt/airflow/dags/arrivalytica_daily.py    980  0.01s             1           0  0.08s           2026-08-19T01:08:15                      12
================================================================================
[2026-08-19T01:09:15.885+0000] {manager.py:997} INFO - 
================================================================================
DAG File Processing Stats

File Path                                  PID  Runtime      # DAGs    # Errors  Last Runtime    Last Run               Last # of DB Queries
---------------------------------------  -----  ---------  --------  ----------  --------------  -------------------  ----------------------
/opt/airflow/dags/arrivalytica_daily.py    985  0.00s             1           0  0.10s           2026-08-19T01:08:45                      12
================================================================================
[2026-08-19T01:09:46.171+0000] {manager.py:997} INFO - 
================================================================================
DAG File Processing Stats

File Path                                  PID  Runtime      # DAGs    # Errors  Last Runtime    Last Run               Last # of DB Queries
---------------------------------------  -----  ---------  --------  ----------  --------------  -------------------  ----------------------
/opt/airflow/dags/arrivalytica_daily.py    990  0.01s             1           0  0.08s           2026-08-19T01:09:15                      12
================================================================================
[2026-08-19T01:10:16.488+0000] {manager.py:997} INFO - 
================================================================================
DAG File Processing Stats

File Path                                  PID  Runtime      # DAGs    # Errors  Last Runtime    Last Run               Last # of DB Queries
---------------------------------------  -----  ---------  --------  ----------  --------------  -------------------  ----------------------
/opt/airflow/dags/arrivalytica_daily.py    995  0.01s             1           0  0.09s           2026-08-19T01:09:46                      12
================================================================================
[2026-08-19T01:10:46.849+0000] {manager.py:997} INFO - 
================================================================================
DAG File Processing Stats

File Path                                  PID  Runtime      # DAGs    # Errors  Last Runtime    Last Run               Last # of DB Queries
---------------------------------------  -----  ---------  --------  ----------  --------------  -------------------  ----------------------
/opt/airflow/dags/arrivalytica_daily.py   1000  0.01s             1           0  0.10s           2026-08-19T01:10:16                      12
================================================================================
[2026-08-19T01:11:06.107+0000] {manager.py:821} INFO - Searching for files in /opt/airflow/dags
[2026-08-19T01:11:06.115+0000] {manager.py:824} INFO - There are 1 files in /opt/airflow/dags
[2026-08-19T01:11:17.223+0000] {manager.py:997} INFO - 
================================================================================
DAG File Processing Stats

File Path                                  PID  Runtime      # DAGs    # Errors  Last Runtime    Last Run               Last # of DB Queries
---------------------------------------  -----  ---------  --------  ----------  --------------  -------------------  ----------------------
/opt/airflow/dags/arrivalytica_daily.py   1005  0.00s             1           0  0.11s           2026-08-19T01:10:46                      12
================================================================================
[2026-08-19T01:11:47.560+0000] {manager.py:997} INFO - 
================================================================================
DAG File Processing Stats

File Path                                  PID  Runtime      # DAGs    # Errors  Last Runtime    Last Run               Last # of DB Queries
---------------------------------------  -----  ---------  --------  ----------  --------------  -------------------  ----------------------
/opt/airflow/dags/arrivalytica_daily.py   1010  0.00s             1           0  0.09s           2026-08-19T01:11:17                      12
================================================================================
[2026-08-19T01:12:17.917+0000] {manager.py:997} INFO - 
================================================================================
DAG File Processing Stats

File Path                                  PID  Runtime      # DAGs    # Errors  Last Runtime    Last Run               Last # of DB Queries
---------------------------------------  -----  ---------  --------  ----------  --------------  -------------------  ----------------------
/opt/airflow/dags/arrivalytica_daily.py   1015  0.00s             1           0  0.08s           2026-08-19T01:11:47                      12
================================================================================
[2026-08-19T01:12:48.258+0000] {manager.py:997} INFO - 
================================================================================
DAG File Processing Stats

File Path                                  PID  Runtime      # DAGs    # Errors  Last Runtime    Last Run               Last # of DB Queries
---------------------------------------  -----  ---------  --------  ----------  --------------  -------------------  ----------------------
/opt/airflow/dags/arrivalytica_daily.py   1020  0.00s             1           0  0.08s           2026-08-19T01:12:17                      12
================================================================================
[2026-08-19T01:13:18.668+0000] {manager.py:997} INFO - 
================================================================================
DAG File Processing Stats

File Path                                  PID  Runtime      # DAGs    # Errors  Last Runtime    Last Run               Last # of DB Queries
---------------------------------------  -----  ---------  --------  ----------  --------------  -------------------  ----------------------
/opt/airflow/dags/arrivalytica_daily.py   1025  0.01s             1           0  0.08s           2026-08-19T01:12:48                      12
================================================================================
[2026-08-19T01:13:49.007+0000] {manager.py:997} INFO - 
================================================================================
DAG File Processing Stats

File Path                                  PID  Runtime      # DAGs    # Errors  Last Runtime    Last Run               Last # of DB Queries
---------------------------------------  -----  ---------  --------  ----------  --------------  -------------------  ----------------------
/opt/airflow/dags/arrivalytica_daily.py   1030  0.00s             1           0  0.10s           2026-08-19T01:13:18                      12
================================================================================
[2026-08-19T01:14:19.381+0000] {manager.py:997} INFO - 
================================================================================
DAG File Processing Stats

File Path                                  PID  Runtime      # DAGs    # Errors  Last Runtime    Last Run               Last # of DB Queries
---------------------------------------  -----  ---------  --------  ----------  --------------  -------------------  ----------------------
/opt/airflow/dags/arrivalytica_daily.py   1035  0.00s             1           0  0.10s           2026-08-19T01:13:49                      12
================================================================================
[2026-08-19T01:14:49.719+0000] {manager.py:997} INFO - 
================================================================================
DAG File Processing Stats

File Path                                  PID  Runtime      # DAGs    # Errors  Last Runtime    Last Run               Last # of DB Queries
---------------------------------------  -----  ---------  --------  ----------  --------------  -------------------  ----------------------
/opt/airflow/dags/arrivalytica_daily.py   1040  0.00s             1           0  0.08s           2026-08-19T01:14:19                      12
================================================================================
[2026-08-19T01:15:20.024+0000] {manager.py:997} INFO - 
================================================================================
DAG File Processing Stats

File Path                                  PID  Runtime      # DAGs    # Errors  Last Runtime    Last Run               Last # of DB Queries
---------------------------------------  -----  ---------  --------  ----------  --------------  -------------------  ----------------------
/opt/airflow/dags/arrivalytica_daily.py   1045  0.00s             1           0  0.08s           2026-08-19T01:14:49                      12
================================================================================
