[2026-08-19T00:01:01.119+0000] {processor.py:186} INFO - Started process (PID=195) to work on /opt/airflow/dags/arrivalytica_daily.py
[2026-08-19T00:01:01.121+0000] {processor.py:914} INFO - Processing file /opt/airflow/dags/arrivalytica_daily.py for tasks to queue
[2026-08-19T00:01:01.122+0000] {logging_mixin.py:190} INFO - [2026-08-19T00:01:01.122+0000] {dagbag.py:588} INFO - Filling up the DagBag from /opt/airflow/dags/arrivalytica_daily.py
[2026-08-19T00:01:01.131+0000] {processor.py:925} INFO - DAG(s) 'arrivalytica_daily' retrieved from /opt/airflow/dags/arrivalytica_daily.py
[2026-08-19T00:01:01.202+0000] {logging_mixin.py:190} INFO - [2026-08-19T00:01:01.202+0000] {override.py:1912} INFO - Created Permission View: can delete on DAG:arrivalytica_daily
[2026-08-19T00:01:01.206+0000] {logging_mixin.py:190} INFO - [2026-08-19T00:01:01.206+0000] {override.py:1912} INFO - Created Permission View: can edit on DAG:arrivalytica_daily
[2026-08-19T00:01:01.209+0000] {logging_mixin.py:190} INFO - [2026-08-19T00:01:01.209+0000] {override.py:1912} INFO - Created Permission View: can read on DAG:arrivalytica_daily
[2026-08-19T00:01:01.211+0000] {logging_mixin.py:190} INFO - [2026-08-19T00:01:01.211+0000] {override.py:1912} INFO - Created Permission View: menu access on DAG Run:arrivalytica_daily
[2026-08-19T00:01:01.213+0000] {logging_mixin.py:190} INFO - [2026-08-19T00:01:01.213+0000] {override.py:1912} INFO - Created Permission View: can delete on DAG Run:arrivalytica_daily
[2026-08-19T00:01:01.215+0000] {logging_mixin.py:190} INFO - [2026-08-19T00:01:01.215+0000] {override.py:1912} INFO - Created Permission View: can read on DAG Run:arrivalytica_daily
[2026-08-19T00:01:01.217+0000] {logging_mixin.py:190} INFO - [2026-08-19T00:01:01.217+0000] {override.py:1912} INFO - Created Permission View: can create on DAG Run:arrivalytica_daily
[2026-08-19T00:01:01.217+0000] {logging_mixin.py:190} INFO - [2026-08-19T00:01:01.217+0000] {dag.py:3239} INFO - Sync 1 DAGs
[2026-08-19T00:01:01.224+0000] {logging_mixin.py:190} INFO - [2026-08-19T00:01:01.224+0000] {dag.py:3262} INFO - Creating ORM DAG for arrivalytica_daily
[2026-08-19T00:01:01.234+0000] {logging_mixin.py:190} INFO - [2026-08-19T00:01:01.233+0000] {dag.py:4180} INFO - Setting next_dagrun for arrivalytica_daily to 2026-08-17 15:00:00+00:00, run_after=2026-08-18 15:00:00+00:00
[2026-08-19T00:01:01.242+0000] {processor.py:208} INFO - Processing /opt/airflow/dags/arrivalytica_daily.py took 0.126 seconds
[2026-08-19T00:01:31.418+0000] {processor.py:186} INFO - Started process (PID=219) to work on /opt/airflow/dags/arrivalytica_daily.py
[2026-08-19T00:01:31.419+0000] {processor.py:914} INFO - Processing file /opt/airflow/dags/arrivalytica_daily.py for tasks to queue
[2026-08-19T00:01:31.425+0000] {logging_mixin.py:190} INFO - [2026-08-19T00:01:31.424+0000] {dagbag.py:588} INFO - Filling up the DagBag from /opt/airflow/dags/arrivalytica_daily.py
[2026-08-19T00:01:31.442+0000] {processor.py:925} INFO - DAG(s) 'arrivalytica_daily' retrieved from /opt/airflow/dags/arrivalytica_daily.py
[2026-08-19T00:01:31.465+0000] {logging_mixin.py:190} INFO - [2026-08-19T00:01:31.465+0000] {dag.py:3239} INFO - Sync 1 DAGs
[2026-08-19T00:01:31.479+0000] {logging_mixin.py:190} INFO - [2026-08-19T00:01:31.479+0000] {dag.py:4180} INFO - Setting next_dagrun for arrivalytica_daily to 2026-08-17 15:00:00+00:00, run_after=2026-08-18 15:00:00+00:00
[2026-08-19T00:01:31.488+0000] {processor.py:208} INFO - Processing /opt/airflow/dags/arrivalytica_daily.py took 0.080 seconds
[2026-08-19T00:02:01.849+0000] {processor.py:186} INFO - Started process (PID=231) to work on /opt/airflow/dags/arrivalytica_daily.py
[2026-08-19T00:02:01.850+0000] {processor.py:914} INFO - Processing file /opt/airflow/dags/arrivalytica_daily.py for tasks to queue
[2026-08-19T00:02:01.853+0000] {logging_mixin.py:190} INFO - [2026-08-19T00:02:01.853+0000] {dagbag.py:588} INFO - Filling up the DagBag from /opt/airflow/dags/arrivalytica_daily.py
[2026-08-19T00:02:01.868+0000] {processor.py:925} INFO - DAG(s) 'arrivalytica_daily' retrieved from /opt/airflow/dags/arrivalytica_daily.py
[2026-08-19T00:02:01.893+0000] {logging_mixin.py:190} INFO - [2026-08-19T00:02:01.893+0000] {dag.py:3239} INFO - Sync 1 DAGs
[2026-08-19T00:02:01.908+0000] {logging_mixin.py:190} INFO - [2026-08-19T00:02:01.908+0000] {dag.py:4180} INFO - Setting next_dagrun for arrivalytica_daily to 2026-08-17 15:00:00+00:00, run_after=2026-08-18 15:00:00+00:00
[2026-08-19T00:02:01.917+0000] {processor.py:208} INFO - Processing /opt/airflow/dags/arrivalytica_daily.py took 0.077 seconds
[2026-08-19T00:02:32.167+0000] {processor.py:186} INFO - Started process (PID=236) to work on /opt/airflow/dags/arrivalytica_daily.py
[2026-08-19T00:02:32.169+0000] {processor.py:914} INFO - Processing file /opt/airflow/dags/arrivalytica_daily.py for tasks to queue
[2026-08-19T00:02:32.175+0000] {logging_mixin.py:190} INFO - [2026-08-19T00:02:32.175+0000] {dagbag.py:588} INFO - Filling up the DagBag from /opt/airflow/dags/arrivalytica_daily.py
[2026-08-19T00:02:32.189+0000] {processor.py:925} INFO - DAG(s) 'arrivalytica_daily' retrieved from /opt/airflow/dags/arrivalytica_daily.py
[2026-08-19T00:02:32.217+0000] {logging_mixin.py:190} INFO - [2026-08-19T00:02:32.216+0000] {dag.py:3239} INFO - Sync 1 DAGs
[2026-08-19T00:02:32.235+0000] {logging_mixin.py:190} INFO - [2026-08-19T00:02:32.235+0000] {dag.py:4180} INFO - Setting next_dagrun for arrivalytica_daily to 2026-08-17 15:00:00+00:00, run_after=2026-08-18 15:00:00+00:00
[2026-08-19T00:02:32.248+0000] {processor.py:208} INFO - Processing /opt/airflow/dags/arrivalytica_daily.py took 0.089 seconds
[2026-08-19T00:03:02.467+0000] {processor.py:186} INFO - Started process (PID=241) to work on /opt/airflow/dags/arrivalytica_daily.py
[2026-08-19T00:03:02.468+0000] {processor.py:914} INFO - Processing file /opt/airflow/dags/arrivalytica_daily.py for tasks to queue
[2026-08-19T00:03:02.470+0000] {logging_mixin.py:190} INFO - [2026-08-19T00:03:02.469+0000] {dagbag.py:588} INFO - Filling up the DagBag from /opt/airflow/dags/arrivalytica_daily.py
[2026-08-19T00:03:02.481+0000] {processor.py:925} INFO - DAG(s) 'arrivalytica_daily' retrieved from /opt/airflow/dags/arrivalytica_daily.py
[2026-08-19T00:03:02.506+0000] {logging_mixin.py:190} INFO - [2026-08-19T00:03:02.506+0000] {dag.py:3239} INFO - Sync 1 DAGs
[2026-08-19T00:03:02.519+0000] {logging_mixin.py:190} INFO - [2026-08-19T00:03:02.519+0000] {dag.py:4180} INFO - Setting next_dagrun for arrivalytica_daily to 2026-08-17 15:00:00+00:00, run_after=2026-08-18 15:00:00+00:00
[2026-08-19T00:03:02.529+0000] {processor.py:208} INFO - Processing /opt/airflow/dags/arrivalytica_daily.py took 0.069 seconds
[2026-08-19T00:03:32.810+0000] {processor.py:186} INFO - Started process (PID=246) to work on /opt/airflow/dags/arrivalytica_daily.py
[2026-08-19T00:03:32.811+0000] {processor.py:914} INFO - Processing file /opt/airflow/dags/arrivalytica_daily.py for tasks to queue
[2026-08-19T00:03:32.813+0000] {logging_mixin.py:190} INFO - [2026-08-19T00:03:32.813+0000] {dagbag.py:588} INFO - Filling up the DagBag from /opt/airflow/dags/arrivalytica_daily.py
[2026-08-19T00:03:32.824+0000] {processor.py:925} INFO - DAG(s) 'arrivalytica_daily' retrieved from /opt/airflow/dags/arrivalytica_daily.py
[2026-08-19T00:03:32.847+0000] {logging_mixin.py:190} INFO - [2026-08-19T00:03:32.847+0000] {dag.py:3239} INFO - Sync 1 DAGs
[2026-08-19T00:03:32.863+0000] {logging_mixin.py:190} INFO - [2026-08-19T00:03:32.863+0000] {dag.py:4180} INFO - Setting next_dagrun for arrivalytica_daily to 2026-08-17 15:00:00+00:00, run_after=2026-08-18 15:00:00+00:00
[2026-08-19T00:03:32.874+0000] {processor.py:208} INFO - Processing /opt/airflow/dags/arrivalytica_daily.py took 0.069 seconds
[2026-08-19T00:04:03.120+0000] {processor.py:186} INFO - Started process (PID=251) to work on /opt/airflow/dags/arrivalytica_daily.py
[2026-08-19T00:04:03.121+0000] {processor.py:914} INFO - Processing file /opt/airflow/dags/arrivalytica_daily.py for tasks to queue
[2026-08-19T00:04:03.123+0000] {logging_mixin.py:190} INFO - [2026-08-19T00:04:03.122+0000] {dagbag.py:588} INFO - Filling up the DagBag from /opt/airflow/dags/arrivalytica_daily.py
[2026-08-19T00:04:03.133+0000] {processor.py:925} INFO - DAG(s) 'arrivalytica_daily' retrieved from /opt/airflow/dags/arrivalytica_daily.py
[2026-08-19T00:04:03.156+0000] {logging_mixin.py:190} INFO - [2026-08-19T00:04:03.156+0000] {dag.py:3239} INFO - Sync 1 DAGs
[2026-08-19T00:04:03.170+0000] {logging_mixin.py:190} INFO - [2026-08-19T00:04:03.170+0000] {dag.py:4180} INFO - Setting next_dagrun for arrivalytica_daily to 2026-08-17 15:00:00+00:00, run_after=2026-08-18 15:00:00+00:00
[2026-08-19T00:04:03.180+0000] {processor.py:208} INFO - Processing /opt/airflow/dags/arrivalytica_daily.py took 0.067 seconds
[2026-08-19T00:04:33.401+0000] {processor.py:186} INFO - Started process (PID=256) to work on /opt/airflow/dags/arrivalytica_daily.py
[2026-08-19T00:04:33.402+0000] {processor.py:914} INFO - Processing file /opt/airflow/dags/arrivalytica_daily.py for tasks to queue
[2026-08-19T00:04:33.403+0000] {logging_mixin.py:190} INFO - [2026-08-19T00:04:33.402+0000] {dagbag.py:588} INFO - Filling up the DagBag from /opt/airflow/dags/arrivalytica_daily.py
[2026-08-19T00:04:33.409+0000] {processor.py:925} INFO - DAG(s) 'arrivalytica_daily' retrieved from /opt/airflow/dags/arrivalytica_daily.py
[2026-08-19T00:04:33.428+0000] {logging_mixin.py:190} INFO - [2026-08-19T00:04:33.427+0000] {dag.py:3239} INFO - Sync 1 DAGs
[2026-08-19T00:04:33.440+0000] {logging_mixin.py:190} INFO - [2026-08-19T00:04:33.439+0000] {dag.py:4180} INFO - Setting next_dagrun for arrivalytica_daily to 2026-08-17 15:00:00+00:00, run_after=2026-08-18 15:00:00+00:00
[2026-08-19T00:04:33.447+0000] {processor.py:208} INFO - Processing /opt/airflow/dags/arrivalytica_daily.py took 0.049 seconds
[2026-08-19T00:05:03.731+0000] {processor.py:186} INFO - Started process (PID=261) to work on /opt/airflow/dags/arrivalytica_daily.py
[2026-08-19T00:05:03.732+0000] {processor.py:914} INFO - Processing file /opt/airflow/dags/arrivalytica_daily.py for tasks to queue
[2026-08-19T00:05:03.736+0000] {logging_mixin.py:190} INFO - [2026-08-19T00:05:03.735+0000] {dagbag.py:588} INFO - Filling up the DagBag from /opt/airflow/dags/arrivalytica_daily.py
[2026-08-19T00:05:03.750+0000] {processor.py:925} INFO - DAG(s) 'arrivalytica_daily' retrieved from /opt/airflow/dags/arrivalytica_daily.py
[2026-08-19T00:05:03.774+0000] {logging_mixin.py:190} INFO - [2026-08-19T00:05:03.774+0000] {dag.py:3239} INFO - Sync 1 DAGs
[2026-08-19T00:05:03.788+0000] {logging_mixin.py:190} INFO - [2026-08-19T00:05:03.788+0000] {dag.py:4180} INFO - Setting next_dagrun for arrivalytica_daily to 2026-08-17 15:00:00+00:00, run_after=2026-08-18 15:00:00+00:00
[2026-08-19T00:05:03.797+0000] {processor.py:208} INFO - Processing /opt/airflow/dags/arrivalytica_daily.py took 0.074 seconds
[2026-08-19T00:05:34.097+0000] {processor.py:186} INFO - Started process (PID=266) to work on /opt/airflow/dags/arrivalytica_daily.py
[2026-08-19T00:05:34.099+0000] {processor.py:914} INFO - Processing file /opt/airflow/dags/arrivalytica_daily.py for tasks to queue
[2026-08-19T00:05:34.103+0000] {logging_mixin.py:190} INFO - [2026-08-19T00:05:34.102+0000] {dagbag.py:588} INFO - Filling up the DagBag from /opt/airflow/dags/arrivalytica_daily.py
[2026-08-19T00:05:34.123+0000] {processor.py:925} INFO - DAG(s) 'arrivalytica_daily' retrieved from /opt/airflow/dags/arrivalytica_daily.py
[2026-08-19T00:05:34.148+0000] {logging_mixin.py:190} INFO - [2026-08-19T00:05:34.148+0000] {dag.py:3239} INFO - Sync 1 DAGs
[2026-08-19T00:05:34.165+0000] {logging_mixin.py:190} INFO - [2026-08-19T00:05:34.165+0000] {dag.py:4180} INFO - Setting next_dagrun for arrivalytica_daily to 2026-08-17 15:00:00+00:00, run_after=2026-08-18 15:00:00+00:00
[2026-08-19T00:05:34.176+0000] {processor.py:208} INFO - Processing /opt/airflow/dags/arrivalytica_daily.py took 0.090 seconds
[2026-08-19T00:06:04.494+0000] {processor.py:186} INFO - Started process (PID=271) to work on /opt/airflow/dags/arrivalytica_daily.py
[2026-08-19T00:06:04.495+0000] {processor.py:914} INFO - Processing file /opt/airflow/dags/arrivalytica_daily.py for tasks to queue
[2026-08-19T00:06:04.500+0000] {logging_mixin.py:190} INFO - [2026-08-19T00:06:04.499+0000] {dagbag.py:588} INFO - Filling up the DagBag from /opt/airflow/dags/arrivalytica_daily.py
[2026-08-19T00:06:04.515+0000] {processor.py:925} INFO - DAG(s) 'arrivalytica_daily' retrieved from /opt/airflow/dags/arrivalytica_daily.py
[2026-08-19T00:06:04.545+0000] {logging_mixin.py:190} INFO - [2026-08-19T00:06:04.545+0000] {dag.py:3239} INFO - Sync 1 DAGs
[2026-08-19T00:06:04.561+0000] {logging_mixin.py:190} INFO - [2026-08-19T00:06:04.561+0000] {dag.py:4180} INFO - Setting next_dagrun for arrivalytica_daily to 2026-08-17 15:00:00+00:00, run_after=2026-08-18 15:00:00+00:00
[2026-08-19T00:06:04.570+0000] {processor.py:208} INFO - Processing /opt/airflow/dags/arrivalytica_daily.py took 0.086 seconds
[2026-08-19T00:06:34.830+0000] {processor.py:186} INFO - Started process (PID=276) to work on /opt/airflow/dags/arrivalytica_daily.py
[2026-08-19T00:06:34.831+0000] {processor.py:914} INFO - Processing file /opt/airflow/dags/arrivalytica_daily.py for tasks to queue
[2026-08-19T00:06:34.836+0000] {logging_mixin.py:190} INFO - [2026-08-19T00:06:34.835+0000] {dagbag.py:588} INFO - Filling up the DagBag from /opt/airflow/dags/arrivalytica_daily.py
[2026-08-19T00:06:34.853+0000] {processor.py:925} INFO - DAG(s) 'arrivalytica_daily' retrieved from /opt/airflow/dags/arrivalytica_daily.py
[2026-08-19T00:06:34.877+0000] {logging_mixin.py:190} INFO - [2026-08-19T00:06:34.876+0000] {dag.py:3239} INFO - Sync 1 DAGs
[2026-08-19T00:06:34.894+0000] {logging_mixin.py:190} INFO - [2026-08-19T00:06:34.894+0000] {dag.py:4180} INFO - Setting next_dagrun for arrivalytica_daily to 2026-08-17 15:00:00+00:00, run_after=2026-08-18 15:00:00+00:00
[2026-08-19T00:06:34.903+0000] {processor.py:208} INFO - Processing /opt/airflow/dags/arrivalytica_daily.py took 0.084 seconds
[2026-08-19T00:07:05.209+0000] {processor.py:186} INFO - Started process (PID=281) to work on /opt/airflow/dags/arrivalytica_daily.py
[2026-08-19T00:07:05.210+0000] {processor.py:914} INFO - Processing file /opt/airflow/dags/arrivalytica_daily.py for tasks to queue
[2026-08-19T00:07:05.213+0000] {logging_mixin.py:190} INFO - [2026-08-19T00:07:05.213+0000] {dagbag.py:588} INFO - Filling up the DagBag from /opt/airflow/dags/arrivalytica_daily.py
[2026-08-19T00:07:05.227+0000] {processor.py:925} INFO - DAG(s) 'arrivalytica_daily' retrieved from /opt/airflow/dags/arrivalytica_daily.py
[2026-08-19T00:07:05.253+0000] {logging_mixin.py:190} INFO - [2026-08-19T00:07:05.253+0000] {dag.py:3239} INFO - Sync 1 DAGs
[2026-08-19T00:07:05.269+0000] {logging_mixin.py:190} INFO - [2026-08-19T00:07:05.269+0000] {dag.py:4180} INFO - Setting next_dagrun for arrivalytica_daily to 2026-08-17 15:00:00+00:00, run_after=2026-08-18 15:00:00+00:00
[2026-08-19T00:07:05.278+0000] {processor.py:208} INFO - Processing /opt/airflow/dags/arrivalytica_daily.py took 0.077 seconds
[2026-08-19T00:07:35.542+0000] {processor.py:186} INFO - Started process (PID=286) to work on /opt/airflow/dags/arrivalytica_daily.py
[2026-08-19T00:07:35.543+0000] {processor.py:914} INFO - Processing file /opt/airflow/dags/arrivalytica_daily.py for tasks to queue
[2026-08-19T00:07:35.545+0000] {logging_mixin.py:190} INFO - [2026-08-19T00:07:35.545+0000] {dagbag.py:588} INFO - Filling up the DagBag from /opt/airflow/dags/arrivalytica_daily.py
[2026-08-19T00:07:35.553+0000] {processor.py:925} INFO - DAG(s) 'arrivalytica_daily' retrieved from /opt/airflow/dags/arrivalytica_daily.py
[2026-08-19T00:07:35.576+0000] {logging_mixin.py:190} INFO - [2026-08-19T00:07:35.576+0000] {dag.py:3239} INFO - Sync 1 DAGs
[2026-08-19T00:07:35.592+0000] {logging_mixin.py:190} INFO - [2026-08-19T00:07:35.592+0000] {dag.py:4180} INFO - Setting next_dagrun for arrivalytica_daily to 2026-08-17 15:00:00+00:00, run_after=2026-08-18 15:00:00+00:00
[2026-08-19T00:07:35.602+0000] {processor.py:208} INFO - Processing /opt/airflow/dags/arrivalytica_daily.py took 0.065 seconds
[2026-08-19T00:08:05.857+0000] {processor.py:186} INFO - Started process (PID=291) to work on /opt/airflow/dags/arrivalytica_daily.py
[2026-08-19T00:08:05.858+0000] {processor.py:914} INFO - Processing file /opt/airflow/dags/arrivalytica_daily.py for tasks to queue
[2026-08-19T00:08:05.860+0000] {logging_mixin.py:190} INFO - [2026-08-19T00:08:05.860+0000] {dagbag.py:588} INFO - Filling up the DagBag from /opt/airflow/dags/arrivalytica_daily.py
[2026-08-19T00:08:05.869+0000] {processor.py:925} INFO - DAG(s) 'arrivalytica_daily' retrieved from /opt/airflow/dags/arrivalytica_daily.py
[2026-08-19T00:08:05.892+0000] {logging_mixin.py:190} INFO - [2026-08-19T00:08:05.891+0000] {dag.py:3239} INFO - Sync 1 DAGs
[2026-08-19T00:08:05.905+0000] {logging_mixin.py:190} INFO - [2026-08-19T00:08:05.905+0000] {dag.py:4180} INFO - Setting next_dagrun for arrivalytica_daily to 2026-08-17 15:00:00+00:00, run_after=2026-08-18 15:00:00+00:00
[2026-08-19T00:08:05.913+0000] {processor.py:208} INFO - Processing /opt/airflow/dags/arrivalytica_daily.py took 0.062 seconds
[2026-08-19T00:08:36.174+0000] {processor.py:186} INFO - Started process (PID=296) to work on /opt/airflow/dags/arrivalytica_daily.py
[2026-08-19T00:08:36.175+0000] {processor.py:914} INFO - Processing file /opt/airflow/dags/arrivalytica_daily.py for tasks to queue
[2026-08-19T00:08:36.177+0000] {logging_mixin.py:190} INFO - [2026-08-19T00:08:36.177+0000] {dagbag.py:588} INFO - Filling up the DagBag from /opt/airflow/dags/arrivalytica_daily.py
[2026-08-19T00:08:36.187+0000] {processor.py:925} INFO - DAG(s) 'arrivalytica_daily' retrieved from /opt/airflow/dags/arrivalytica_daily.py
[2026-08-19T00:08:36.209+0000] {logging_mixin.py:190} INFO - [2026-08-19T00:08:36.209+0000] {dag.py:3239} INFO - Sync 1 DAGs
[2026-08-19T00:08:36.223+0000] {logging_mixin.py:190} INFO - [2026-08-19T00:08:36.223+0000] {dag.py:4180} INFO - Setting next_dagrun for arrivalytica_daily to 2026-08-17 15:00:00+00:00, run_after=2026-08-18 15:00:00+00:00
[2026-08-19T00:08:36.231+0000] {processor.py:208} INFO - Processing /opt/airflow/dags/arrivalytica_daily.py took 0.063 seconds
[2026-08-19T00:09:06.491+0000] {processor.py:186} INFO - Started process (PID=301) to work on /opt/airflow/dags/arrivalytica_daily.py
[2026-08-19T00:09:06.492+0000] {processor.py:914} INFO - Processing file /opt/airflow/dags/arrivalytica_daily.py for tasks to queue
[2026-08-19T00:09:06.495+0000] {logging_mixin.py:190} INFO - [2026-08-19T00:09:06.494+0000] {dagbag.py:588} INFO - Filling up the DagBag from /opt/airflow/dags/arrivalytica_daily.py
[2026-08-19T00:09:06.506+0000] {processor.py:925} INFO - DAG(s) 'arrivalytica_daily' retrieved from /opt/airflow/dags/arrivalytica_daily.py
[2026-08-19T00:09:06.530+0000] {logging_mixin.py:190} INFO - [2026-08-19T00:09:06.530+0000] {dag.py:3239} INFO - Sync 1 DAGs
[2026-08-19T00:09:06.544+0000] {logging_mixin.py:190} INFO - [2026-08-19T00:09:06.544+0000] {dag.py:4180} INFO - Setting next_dagrun for arrivalytica_daily to 2026-08-17 15:00:00+00:00, run_after=2026-08-18 15:00:00+00:00
[2026-08-19T00:09:06.553+0000] {processor.py:208} INFO - Processing /opt/airflow/dags/arrivalytica_daily.py took 0.070 seconds
[2026-08-19T00:09:36.779+0000] {processor.py:186} INFO - Started process (PID=306) to work on /opt/airflow/dags/arrivalytica_daily.py
[2026-08-19T00:09:36.780+0000] {processor.py:914} INFO - Processing file /opt/airflow/dags/arrivalytica_daily.py for tasks to queue
[2026-08-19T00:09:36.783+0000] {logging_mixin.py:190} INFO - [2026-08-19T00:09:36.782+0000] {dagbag.py:588} INFO - Filling up the DagBag from /opt/airflow/dags/arrivalytica_daily.py
[2026-08-19T00:09:36.792+0000] {processor.py:925} INFO - DAG(s) 'arrivalytica_daily' retrieved from /opt/airflow/dags/arrivalytica_daily.py
[2026-08-19T00:09:36.814+0000] {logging_mixin.py:190} INFO - [2026-08-19T00:09:36.814+0000] {dag.py:3239} INFO - Sync 1 DAGs
[2026-08-19T00:09:36.828+0000] {logging_mixin.py:190} INFO - [2026-08-19T00:09:36.828+0000] {dag.py:4180} INFO - Setting next_dagrun for arrivalytica_daily to 2026-08-17 15:00:00+00:00, run_after=2026-08-18 15:00:00+00:00
[2026-08-19T00:09:36.836+0000] {processor.py:208} INFO - Processing /opt/airflow/dags/arrivalytica_daily.py took 0.063 seconds
[2026-08-19T00:10:07.088+0000] {processor.py:186} INFO - Started process (PID=311) to work on /opt/airflow/dags/arrivalytica_daily.py
[2026-08-19T00:10:07.088+0000] {processor.py:914} INFO - Processing file /opt/airflow/dags/arrivalytica_daily.py for tasks to queue
[2026-08-19T00:10:07.090+0000] {logging_mixin.py:190} INFO - [2026-08-19T00:10:07.089+0000] {dagbag.py:588} INFO - Filling up the DagBag from /opt/airflow/dags/arrivalytica_daily.py
[2026-08-19T00:10:07.096+0000] {processor.py:925} INFO - DAG(s) 'arrivalytica_daily' retrieved from /opt/airflow/dags/arrivalytica_daily.py
[2026-08-19T00:10:07.117+0000] {logging_mixin.py:190} INFO - [2026-08-19T00:10:07.117+0000] {dag.py:3239} INFO - Sync 1 DAGs
[2026-08-19T00:10:07.133+0000] {logging_mixin.py:190} INFO - [2026-08-19T00:10:07.133+0000] {dag.py:4180} INFO - Setting next_dagrun for arrivalytica_daily to 2026-08-17 15:00:00+00:00, run_after=2026-08-18 15:00:00+00:00
[2026-08-19T00:10:07.144+0000] {processor.py:208} INFO - Processing /opt/airflow/dags/arrivalytica_daily.py took 0.062 seconds
[2026-08-19T00:10:37.381+0000] {processor.py:186} INFO - Started process (PID=316) to work on /opt/airflow/dags/arrivalytica_daily.py
[2026-08-19T00:10:37.382+0000] {processor.py:914} INFO - Processing file /opt/airflow/dags/arrivalytica_daily.py for tasks to queue
[2026-08-19T00:10:37.385+0000] {logging_mixin.py:190} INFO - [2026-08-19T00:10:37.384+0000] {dagbag.py:588} INFO - Filling up the DagBag from /opt/airflow/dags/arrivalytica_daily.py
[2026-08-19T00:10:37.395+0000] {processor.py:925} INFO - DAG(s) 'arrivalytica_daily' retrieved from /opt/airflow/dags/arrivalytica_daily.py
[2026-08-19T00:10:37.418+0000] {logging_mixin.py:190} INFO - [2026-08-19T00:10:37.418+0000] {dag.py:3239} INFO - Sync 1 DAGs
[2026-08-19T00:10:37.431+0000] {logging_mixin.py:190} INFO - [2026-08-19T00:10:37.431+0000] {dag.py:4180} INFO - Setting next_dagrun for arrivalytica_daily to 2026-08-17 15:00:00+00:00, run_after=2026-08-18 15:00:00+00:00
[2026-08-19T00:10:37.440+0000] {processor.py:208} INFO - Processing /opt/airflow/dags/arrivalytica_daily.py took 0.065 seconds
[2026-08-19T00:11:07.665+0000] {processor.py:186} INFO - Started process (PID=321) to work on /opt/airflow/dags/arrivalytica_daily.py
[2026-08-19T00:11:07.666+0000] {processor.py:914} INFO - Processing file /opt/airflow/dags/arrivalytica_daily.py for tasks to queue
[2026-08-19T00:11:07.668+0000] {logging_mixin.py:190} INFO - [2026-08-19T00:11:07.668+0000] {dagbag.py:588} INFO - Filling up the DagBag from /opt/airflow/dags/arrivalytica_daily.py
[2026-08-19T00:11:07.679+0000] {processor.py:925} INFO - DAG(s) 'arrivalytica_daily' retrieved from /opt/airflow/dags/arrivalytica_daily.py
[2026-08-19T00:11:07.704+0000] {logging_mixin.py:190} INFO - [2026-08-19T00:11:07.703+0000] {dag.py:3239} INFO - Sync 1 DAGs
[2026-08-19T00:11:07.717+0000] {logging_mixin.py:190} INFO - [2026-08-19T00:11:07.717+0000] {dag.py:4180} INFO - Setting next_dagrun for arrivalytica_daily to 2026-08-17 15:00:00+00:00, run_after=2026-08-18 15:00:00+00:00
[2026-08-19T00:11:07.726+0000] {processor.py:208} INFO - Processing /opt/airflow/dags/arrivalytica_daily.py took 0.066 seconds
[2026-08-19T00:11:38.009+0000] {processor.py:186} INFO - Started process (PID=326) to work on /opt/airflow/dags/arrivalytica_daily.py
[2026-08-19T00:11:38.010+0000] {processor.py:914} INFO - Processing file /opt/airflow/dags/arrivalytica_daily.py for tasks to queue
[2026-08-19T00:11:38.014+0000] {logging_mixin.py:190} INFO - [2026-08-19T00:11:38.013+0000] {dagbag.py:588} INFO - Filling up the DagBag from /opt/airflow/dags/arrivalytica_daily.py
[2026-08-19T00:11:38.029+0000] {processor.py:925} INFO - DAG(s) 'arrivalytica_daily' retrieved from /opt/airflow/dags/arrivalytica_daily.py
[2026-08-19T00:11:38.055+0000] {logging_mixin.py:190} INFO - [2026-08-19T00:11:38.055+0000] {dag.py:3239} INFO - Sync 1 DAGs
[2026-08-19T00:11:38.070+0000] {logging_mixin.py:190} INFO - [2026-08-19T00:11:38.070+0000] {dag.py:4180} INFO - Setting next_dagrun for arrivalytica_daily to 2026-08-17 15:00:00+00:00, run_after=2026-08-18 15:00:00+00:00
[2026-08-19T00:11:38.082+0000] {processor.py:208} INFO - Processing /opt/airflow/dags/arrivalytica_daily.py took 0.081 seconds
[2026-08-19T00:12:08.345+0000] {processor.py:186} INFO - Started process (PID=331) to work on /opt/airflow/dags/arrivalytica_daily.py
[2026-08-19T00:12:08.346+0000] {processor.py:914} INFO - Processing file /opt/airflow/dags/arrivalytica_daily.py for tasks to queue
[2026-08-19T00:12:08.347+0000] {logging_mixin.py:190} INFO - [2026-08-19T00:12:08.346+0000] {dagbag.py:588} INFO - Filling up the DagBag from /opt/airflow/dags/arrivalytica_daily.py
[2026-08-19T00:12:08.352+0000] {processor.py:925} INFO - DAG(s) 'arrivalytica_daily' retrieved from /opt/airflow/dags/arrivalytica_daily.py
[2026-08-19T00:12:08.367+0000] {logging_mixin.py:190} INFO - [2026-08-19T00:12:08.367+0000] {dag.py:3239} INFO - Sync 1 DAGs
[2026-08-19T00:12:08.378+0000] {logging_mixin.py:190} INFO - [2026-08-19T00:12:08.378+0000] {dag.py:4180} INFO - Setting next_dagrun for arrivalytica_daily to 2026-08-17 15:00:00+00:00, run_after=2026-08-18 15:00:00+00:00
[2026-08-19T00:12:08.386+0000] {processor.py:208} INFO - Processing /opt/airflow/dags/arrivalytica_daily.py took 0.044 seconds
[2026-08-19T00:12:38.742+0000] {processor.py:186} INFO - Started process (PID=336) to work on /opt/airflow/dags/arrivalytica_daily.py
[2026-08-19T00:12:38.743+0000] {processor.py:914} INFO - Processing file /opt/airflow/dags/arrivalytica_daily.py for tasks to queue
[2026-08-19T00:12:38.747+0000] {logging_mixin.py:190} INFO - [2026-08-19T00:12:38.746+0000] {dagbag.py:588} INFO - Filling up the DagBag from /opt/airflow/dags/arrivalytica_daily.py
[2026-08-19T00:12:38.763+0000] {processor.py:925} INFO - DAG(s) 'arrivalytica_daily' retrieved from /opt/airflow/dags/arrivalytica_daily.py
[2026-08-19T00:12:38.790+0000] {logging_mixin.py:190} INFO - [2026-08-19T00:12:38.790+0000] {dag.py:3239} INFO - Sync 1 DAGs
[2026-08-19T00:12:38.806+0000] {logging_mixin.py:190} INFO - [2026-08-19T00:12:38.805+0000] {dag.py:4180} INFO - Setting next_dagrun for arrivalytica_daily to 2026-08-17 15:00:00+00:00, run_after=2026-08-18 15:00:00+00:00
[2026-08-19T00:12:38.815+0000] {processor.py:208} INFO - Processing /opt/airflow/dags/arrivalytica_daily.py took 0.083 seconds
[2026-08-19T00:13:09.060+0000] {processor.py:186} INFO - Started process (PID=341) to work on /opt/airflow/dags/arrivalytica_daily.py
[2026-08-19T00:13:09.061+0000] {processor.py:914} INFO - Processing file /opt/airflow/dags/arrivalytica_daily.py for tasks to queue
[2026-08-19T00:13:09.064+0000] {logging_mixin.py:190} INFO - [2026-08-19T00:13:09.064+0000] {dagbag.py:588} INFO - Filling up the DagBag from /opt/airflow/dags/arrivalytica_daily.py
[2026-08-19T00:13:09.075+0000] {processor.py:925} INFO - DAG(s) 'arrivalytica_daily' retrieved from /opt/airflow/dags/arrivalytica_daily.py
[2026-08-19T00:13:09.101+0000] {logging_mixin.py:190} INFO - [2026-08-19T00:13:09.100+0000] {dag.py:3239} INFO - Sync 1 DAGs
[2026-08-19T00:13:09.114+0000] {logging_mixin.py:190} INFO - [2026-08-19T00:13:09.114+0000] {dag.py:4180} INFO - Setting next_dagrun for arrivalytica_daily to 2026-08-17 15:00:00+00:00, run_after=2026-08-18 15:00:00+00:00
[2026-08-19T00:13:09.123+0000] {processor.py:208} INFO - Processing /opt/airflow/dags/arrivalytica_daily.py took 0.071 seconds
[2026-08-19T00:13:39.448+0000] {processor.py:186} INFO - Started process (PID=346) to work on /opt/airflow/dags/arrivalytica_daily.py
[2026-08-19T00:13:39.448+0000] {processor.py:914} INFO - Processing file /opt/airflow/dags/arrivalytica_daily.py for tasks to queue
[2026-08-19T00:13:39.451+0000] {logging_mixin.py:190} INFO - [2026-08-19T00:13:39.451+0000] {dagbag.py:588} INFO - Filling up the DagBag from /opt/airflow/dags/arrivalytica_daily.py
[2026-08-19T00:13:39.461+0000] {processor.py:925} INFO - DAG(s) 'arrivalytica_daily' retrieved from /opt/airflow/dags/arrivalytica_daily.py
[2026-08-19T00:13:39.485+0000] {logging_mixin.py:190} INFO - [2026-08-19T00:13:39.485+0000] {dag.py:3239} INFO - Sync 1 DAGs
[2026-08-19T00:13:39.502+0000] {logging_mixin.py:190} INFO - [2026-08-19T00:13:39.502+0000] {dag.py:4180} INFO - Setting next_dagrun for arrivalytica_daily to 2026-08-17 15:00:00+00:00, run_after=2026-08-18 15:00:00+00:00
[2026-08-19T00:13:39.512+0000] {processor.py:208} INFO - Processing /opt/airflow/dags/arrivalytica_daily.py took 0.071 seconds
[2026-08-19T00:14:09.764+0000] {processor.py:186} INFO - Started process (PID=351) to work on /opt/airflow/dags/arrivalytica_daily.py
[2026-08-19T00:14:09.764+0000] {processor.py:914} INFO - Processing file /opt/airflow/dags/arrivalytica_daily.py for tasks to queue
[2026-08-19T00:14:09.766+0000] {logging_mixin.py:190} INFO - [2026-08-19T00:14:09.766+0000] {dagbag.py:588} INFO - Filling up the DagBag from /opt/airflow/dags/arrivalytica_daily.py
[2026-08-19T00:14:09.771+0000] {processor.py:925} INFO - DAG(s) 'arrivalytica_daily' retrieved from /opt/airflow/dags/arrivalytica_daily.py
[2026-08-19T00:14:09.787+0000] {logging_mixin.py:190} INFO - [2026-08-19T00:14:09.786+0000] {dag.py:3239} INFO - Sync 1 DAGs
[2026-08-19T00:14:09.800+0000] {logging_mixin.py:190} INFO - [2026-08-19T00:14:09.800+0000] {dag.py:4180} INFO - Setting next_dagrun for arrivalytica_daily to 2026-08-17 15:00:00+00:00, run_after=2026-08-18 15:00:00+00:00
[2026-08-19T00:14:09.809+0000] {processor.py:208} INFO - Processing /opt/airflow/dags/arrivalytica_daily.py took 0.049 seconds
[2026-08-19T00:14:40.113+0000] {processor.py:186} INFO - Started process (PID=356) to work on /opt/airflow/dags/arrivalytica_daily.py
[2026-08-19T00:14:40.114+0000] {processor.py:914} INFO - Processing file /opt/airflow/dags/arrivalytica_daily.py for tasks to queue
[2026-08-19T00:14:40.117+0000] {logging_mixin.py:190} INFO - [2026-08-19T00:14:40.117+0000] {dagbag.py:588} INFO - Filling up the DagBag from /opt/airflow/dags/arrivalytica_daily.py
[2026-08-19T00:14:40.128+0000] {processor.py:925} INFO - DAG(s) 'arrivalytica_daily' retrieved from /opt/airflow/dags/arrivalytica_daily.py
[2026-08-19T00:14:40.149+0000] {logging_mixin.py:190} INFO - [2026-08-19T00:14:40.149+0000] {dag.py:3239} INFO - Sync 1 DAGs
[2026-08-19T00:14:40.163+0000] {logging_mixin.py:190} INFO - [2026-08-19T00:14:40.163+0000] {dag.py:4180} INFO - Setting next_dagrun for arrivalytica_daily to 2026-08-17 15:00:00+00:00, run_after=2026-08-18 15:00:00+00:00
[2026-08-19T00:14:40.173+0000] {processor.py:208} INFO - Processing /opt/airflow/dags/arrivalytica_daily.py took 0.067 seconds
[2026-08-19T00:15:10.432+0000] {processor.py:186} INFO - Started process (PID=361) to work on /opt/airflow/dags/arrivalytica_daily.py
[2026-08-19T00:15:10.433+0000] {processor.py:914} INFO - Processing file /opt/airflow/dags/arrivalytica_daily.py for tasks to queue
[2026-08-19T00:15:10.435+0000] {logging_mixin.py:190} INFO - [2026-08-19T00:15:10.435+0000] {dagbag.py:588} INFO - Filling up the DagBag from /opt/airflow/dags/arrivalytica_daily.py
[2026-08-19T00:15:10.445+0000] {processor.py:925} INFO - DAG(s) 'arrivalytica_daily' retrieved from /opt/airflow/dags/arrivalytica_daily.py
[2026-08-19T00:15:10.468+0000] {logging_mixin.py:190} INFO - [2026-08-19T00:15:10.467+0000] {dag.py:3239} INFO - Sync 1 DAGs
[2026-08-19T00:15:10.481+0000] {logging_mixin.py:190} INFO - [2026-08-19T00:15:10.481+0000] {dag.py:4180} INFO - Setting next_dagrun for arrivalytica_daily to 2026-08-17 15:00:00+00:00, run_after=2026-08-18 15:00:00+00:00
[2026-08-19T00:15:10.491+0000] {processor.py:208} INFO - Processing /opt/airflow/dags/arrivalytica_daily.py took 0.066 seconds
[2026-08-19T00:15:40.782+0000] {processor.py:186} INFO - Started process (PID=366) to work on /opt/airflow/dags/arrivalytica_daily.py
[2026-08-19T00:15:40.782+0000] {processor.py:914} INFO - Processing file /opt/airflow/dags/arrivalytica_daily.py for tasks to queue
[2026-08-19T00:15:40.785+0000] {logging_mixin.py:190} INFO - [2026-08-19T00:15:40.784+0000] {dagbag.py:588} INFO - Filling up the DagBag from /opt/airflow/dags/arrivalytica_daily.py
[2026-08-19T00:15:40.796+0000] {processor.py:925} INFO - DAG(s) 'arrivalytica_daily' retrieved from /opt/airflow/dags/arrivalytica_daily.py
[2026-08-19T00:15:40.821+0000] {logging_mixin.py:190} INFO - [2026-08-19T00:15:40.821+0000] {dag.py:3239} INFO - Sync 1 DAGs
[2026-08-19T00:15:40.836+0000] {logging_mixin.py:190} INFO - [2026-08-19T00:15:40.836+0000] {dag.py:4180} INFO - Setting next_dagrun for arrivalytica_daily to 2026-08-17 15:00:00+00:00, run_after=2026-08-18 15:00:00+00:00
[2026-08-19T00:15:40.845+0000] {processor.py:208} INFO - Processing /opt/airflow/dags/arrivalytica_daily.py took 0.070 seconds
[2026-08-19T00:16:11.104+0000] {processor.py:186} INFO - Started process (PID=371) to work on /opt/airflow/dags/arrivalytica_daily.py
[2026-08-19T00:16:11.105+0000] {processor.py:914} INFO - Processing file /opt/airflow/dags/arrivalytica_daily.py for tasks to queue
[2026-08-19T00:16:11.108+0000] {logging_mixin.py:190} INFO - [2026-08-19T00:16:11.107+0000] {dagbag.py:588} INFO - Filling up the DagBag from /opt/airflow/dags/arrivalytica_daily.py
[2026-08-19T00:16:11.118+0000] {processor.py:925} INFO - DAG(s) 'arrivalytica_daily' retrieved from /opt/airflow/dags/arrivalytica_daily.py
[2026-08-19T00:16:11.140+0000] {logging_mixin.py:190} INFO - [2026-08-19T00:16:11.140+0000] {dag.py:3239} INFO - Sync 1 DAGs
[2026-08-19T00:16:11.156+0000] {logging_mixin.py:190} INFO - [2026-08-19T00:16:11.156+0000] {dag.py:4180} INFO - Setting next_dagrun for arrivalytica_daily to 2026-08-17 15:00:00+00:00, run_after=2026-08-18 15:00:00+00:00
[2026-08-19T00:16:11.165+0000] {processor.py:208} INFO - Processing /opt/airflow/dags/arrivalytica_daily.py took 0.068 seconds
[2026-08-19T00:16:41.443+0000] {processor.py:186} INFO - Started process (PID=376) to work on /opt/airflow/dags/arrivalytica_daily.py
[2026-08-19T00:16:41.445+0000] {processor.py:914} INFO - Processing file /opt/airflow/dags/arrivalytica_daily.py for tasks to queue
[2026-08-19T00:16:41.447+0000] {logging_mixin.py:190} INFO - [2026-08-19T00:16:41.446+0000] {dagbag.py:588} INFO - Filling up the DagBag from /opt/airflow/dags/arrivalytica_daily.py
[2026-08-19T00:16:41.458+0000] {processor.py:925} INFO - DAG(s) 'arrivalytica_daily' retrieved from /opt/airflow/dags/arrivalytica_daily.py
[2026-08-19T00:16:41.482+0000] {logging_mixin.py:190} INFO - [2026-08-19T00:16:41.481+0000] {dag.py:3239} INFO - Sync 1 DAGs
[2026-08-19T00:16:41.497+0000] {logging_mixin.py:190} INFO - [2026-08-19T00:16:41.496+0000] {dag.py:4180} INFO - Setting next_dagrun for arrivalytica_daily to 2026-08-17 15:00:00+00:00, run_after=2026-08-18 15:00:00+00:00
[2026-08-19T00:16:41.506+0000] {processor.py:208} INFO - Processing /opt/airflow/dags/arrivalytica_daily.py took 0.071 seconds
[2026-08-19T00:17:11.786+0000] {processor.py:186} INFO - Started process (PID=381) to work on /opt/airflow/dags/arrivalytica_daily.py
[2026-08-19T00:17:11.787+0000] {processor.py:914} INFO - Processing file /opt/airflow/dags/arrivalytica_daily.py for tasks to queue
[2026-08-19T00:17:11.791+0000] {logging_mixin.py:190} INFO - [2026-08-19T00:17:11.791+0000] {dagbag.py:588} INFO - Filling up the DagBag from /opt/airflow/dags/arrivalytica_daily.py
[2026-08-19T00:17:11.800+0000] {processor.py:925} INFO - DAG(s) 'arrivalytica_daily' retrieved from /opt/airflow/dags/arrivalytica_daily.py
[2026-08-19T00:17:11.820+0000] {logging_mixin.py:190} INFO - [2026-08-19T00:17:11.820+0000] {dag.py:3239} INFO - Sync 1 DAGs
[2026-08-19T00:17:11.834+0000] {logging_mixin.py:190} INFO - [2026-08-19T00:17:11.834+0000] {dag.py:4180} INFO - Setting next_dagrun for arrivalytica_daily to 2026-08-17 15:00:00+00:00, run_after=2026-08-18 15:00:00+00:00
[2026-08-19T00:17:11.844+0000] {processor.py:208} INFO - Processing /opt/airflow/dags/arrivalytica_daily.py took 0.062 seconds
[2026-08-19T00:17:42.115+0000] {processor.py:186} INFO - Started process (PID=386) to work on /opt/airflow/dags/arrivalytica_daily.py
[2026-08-19T00:17:42.116+0000] {processor.py:914} INFO - Processing file /opt/airflow/dags/arrivalytica_daily.py for tasks to queue
[2026-08-19T00:17:42.120+0000] {logging_mixin.py:190} INFO - [2026-08-19T00:17:42.120+0000] {dagbag.py:588} INFO - Filling up the DagBag from /opt/airflow/dags/arrivalytica_daily.py
[2026-08-19T00:17:42.135+0000] {processor.py:925} INFO - DAG(s) 'arrivalytica_daily' retrieved from /opt/airflow/dags/arrivalytica_daily.py
[2026-08-19T00:17:42.165+0000] {logging_mixin.py:190} INFO - [2026-08-19T00:17:42.165+0000] {dag.py:3239} INFO - Sync 1 DAGs
[2026-08-19T00:17:42.179+0000] {logging_mixin.py:190} INFO - [2026-08-19T00:17:42.179+0000] {dag.py:4180} INFO - Setting next_dagrun for arrivalytica_daily to 2026-08-17 15:00:00+00:00, run_after=2026-08-18 15:00:00+00:00
[2026-08-19T00:17:42.187+0000] {processor.py:208} INFO - Processing /opt/airflow/dags/arrivalytica_daily.py took 0.081 seconds
[2026-08-19T00:18:12.496+0000] {processor.py:186} INFO - Started process (PID=391) to work on /opt/airflow/dags/arrivalytica_daily.py
[2026-08-19T00:18:12.496+0000] {processor.py:914} INFO - Processing file /opt/airflow/dags/arrivalytica_daily.py for tasks to queue
[2026-08-19T00:18:12.499+0000] {logging_mixin.py:190} INFO - [2026-08-19T00:18:12.498+0000] {dagbag.py:588} INFO - Filling up the DagBag from /opt/airflow/dags/arrivalytica_daily.py
[2026-08-19T00:18:12.508+0000] {processor.py:925} INFO - DAG(s) 'arrivalytica_daily' retrieved from /opt/airflow/dags/arrivalytica_daily.py
[2026-08-19T00:18:12.532+0000] {logging_mixin.py:190} INFO - [2026-08-19T00:18:12.531+0000] {dag.py:3239} INFO - Sync 1 DAGs
[2026-08-19T00:18:12.546+0000] {logging_mixin.py:190} INFO - [2026-08-19T00:18:12.545+0000] {dag.py:4180} INFO - Setting next_dagrun for arrivalytica_daily to 2026-08-17 15:00:00+00:00, run_after=2026-08-18 15:00:00+00:00
[2026-08-19T00:18:12.556+0000] {processor.py:208} INFO - Processing /opt/airflow/dags/arrivalytica_daily.py took 0.066 seconds
[2026-08-19T00:18:42.861+0000] {processor.py:186} INFO - Started process (PID=396) to work on /opt/airflow/dags/arrivalytica_daily.py
[2026-08-19T00:18:42.861+0000] {processor.py:914} INFO - Processing file /opt/airflow/dags/arrivalytica_daily.py for tasks to queue
[2026-08-19T00:18:42.864+0000] {logging_mixin.py:190} INFO - [2026-08-19T00:18:42.863+0000] {dagbag.py:588} INFO - Filling up the DagBag from /opt/airflow/dags/arrivalytica_daily.py
[2026-08-19T00:18:42.873+0000] {processor.py:925} INFO - DAG(s) 'arrivalytica_daily' retrieved from /opt/airflow/dags/arrivalytica_daily.py
[2026-08-19T00:18:42.896+0000] {logging_mixin.py:190} INFO - [2026-08-19T00:18:42.895+0000] {dag.py:3239} INFO - Sync 1 DAGs
[2026-08-19T00:18:42.910+0000] {logging_mixin.py:190} INFO - [2026-08-19T00:18:42.909+0000] {dag.py:4180} INFO - Setting next_dagrun for arrivalytica_daily to 2026-08-17 15:00:00+00:00, run_after=2026-08-18 15:00:00+00:00
[2026-08-19T00:18:42.918+0000] {processor.py:208} INFO - Processing /opt/airflow/dags/arrivalytica_daily.py took 0.063 seconds
[2026-08-19T00:19:13.176+0000] {processor.py:186} INFO - Started process (PID=401) to work on /opt/airflow/dags/arrivalytica_daily.py
[2026-08-19T00:19:13.177+0000] {processor.py:914} INFO - Processing file /opt/airflow/dags/arrivalytica_daily.py for tasks to queue
[2026-08-19T00:19:13.179+0000] {logging_mixin.py:190} INFO - [2026-08-19T00:19:13.179+0000] {dagbag.py:588} INFO - Filling up the DagBag from /opt/airflow/dags/arrivalytica_daily.py
[2026-08-19T00:19:13.188+0000] {processor.py:925} INFO - DAG(s) 'arrivalytica_daily' retrieved from /opt/airflow/dags/arrivalytica_daily.py
[2026-08-19T00:19:13.212+0000] {logging_mixin.py:190} INFO - [2026-08-19T00:19:13.212+0000] {dag.py:3239} INFO - Sync 1 DAGs
[2026-08-19T00:19:13.225+0000] {logging_mixin.py:190} INFO - [2026-08-19T00:19:13.225+0000] {dag.py:4180} INFO - Setting next_dagrun for arrivalytica_daily to 2026-08-17 15:00:00+00:00, run_after=2026-08-18 15:00:00+00:00
[2026-08-19T00:19:13.234+0000] {processor.py:208} INFO - Processing /opt/airflow/dags/arrivalytica_daily.py took 0.064 seconds
[2026-08-19T00:19:43.511+0000] {processor.py:186} INFO - Started process (PID=406) to work on /opt/airflow/dags/arrivalytica_daily.py
[2026-08-19T00:19:43.512+0000] {processor.py:914} INFO - Processing file /opt/airflow/dags/arrivalytica_daily.py for tasks to queue
[2026-08-19T00:19:43.516+0000] {logging_mixin.py:190} INFO - [2026-08-19T00:19:43.515+0000] {dagbag.py:588} INFO - Filling up the DagBag from /opt/airflow/dags/arrivalytica_daily.py
[2026-08-19T00:19:43.537+0000] {processor.py:925} INFO - DAG(s) 'arrivalytica_daily' retrieved from /opt/airflow/dags/arrivalytica_daily.py
[2026-08-19T00:19:43.564+0000] {logging_mixin.py:190} INFO - [2026-08-19T00:19:43.564+0000] {dag.py:3239} INFO - Sync 1 DAGs
[2026-08-19T00:19:43.578+0000] {logging_mixin.py:190} INFO - [2026-08-19T00:19:43.577+0000] {dag.py:4180} INFO - Setting next_dagrun for arrivalytica_daily to 2026-08-17 15:00:00+00:00, run_after=2026-08-18 15:00:00+00:00
[2026-08-19T00:19:43.586+0000] {processor.py:208} INFO - Processing /opt/airflow/dags/arrivalytica_daily.py took 0.085 seconds
[2026-08-19T00:20:13.829+0000] {processor.py:186} INFO - Started process (PID=411) to work on /opt/airflow/dags/arrivalytica_daily.py
[2026-08-19T00:20:13.829+0000] {processor.py:914} INFO - Processing file /opt/airflow/dags/arrivalytica_daily.py for tasks to queue
[2026-08-19T00:20:13.831+0000] {logging_mixin.py:190} INFO - [2026-08-19T00:20:13.831+0000] {dagbag.py:588} INFO - Filling up the DagBag from /opt/airflow/dags/arrivalytica_daily.py
[2026-08-19T00:20:13.840+0000] {processor.py:925} INFO - DAG(s) 'arrivalytica_daily' retrieved from /opt/airflow/dags/arrivalytica_daily.py
[2026-08-19T00:20:13.860+0000] {logging_mixin.py:190} INFO - [2026-08-19T00:20:13.860+0000] {dag.py:3239} INFO - Sync 1 DAGs
[2026-08-19T00:20:13.872+0000] {logging_mixin.py:190} INFO - [2026-08-19T00:20:13.872+0000] {dag.py:4180} INFO - Setting next_dagrun for arrivalytica_daily to 2026-08-17 15:00:00+00:00, run_after=2026-08-18 15:00:00+00:00
[2026-08-19T00:20:13.880+0000] {processor.py:208} INFO - Processing /opt/airflow/dags/arrivalytica_daily.py took 0.057 seconds
[2026-08-19T00:20:44.066+0000] {processor.py:186} INFO - Started process (PID=416) to work on /opt/airflow/dags/arrivalytica_daily.py
[2026-08-19T00:20:44.067+0000] {processor.py:914} INFO - Processing file /opt/airflow/dags/arrivalytica_daily.py for tasks to queue
[2026-08-19T00:20:44.069+0000] {logging_mixin.py:190} INFO - [2026-08-19T00:20:44.069+0000] {dagbag.py:588} INFO - Filling up the DagBag from /opt/airflow/dags/arrivalytica_daily.py
[2026-08-19T00:20:44.079+0000] {processor.py:925} INFO - DAG(s) 'arrivalytica_daily' retrieved from /opt/airflow/dags/arrivalytica_daily.py
[2026-08-19T00:20:44.101+0000] {logging_mixin.py:190} INFO - [2026-08-19T00:20:44.100+0000] {dag.py:3239} INFO - Sync 1 DAGs
[2026-08-19T00:20:44.115+0000] {logging_mixin.py:190} INFO - [2026-08-19T00:20:44.115+0000] {dag.py:4180} INFO - Setting next_dagrun for arrivalytica_daily to 2026-08-17 15:00:00+00:00, run_after=2026-08-18 15:00:00+00:00
[2026-08-19T00:20:44.124+0000] {processor.py:208} INFO - Processing /opt/airflow/dags/arrivalytica_daily.py took 0.064 seconds
[2026-08-19T00:21:14.422+0000] {processor.py:186} INFO - Started process (PID=421) to work on /opt/airflow/dags/arrivalytica_daily.py
[2026-08-19T00:21:14.423+0000] {processor.py:914} INFO - Processing file /opt/airflow/dags/arrivalytica_daily.py for tasks to queue
[2026-08-19T00:21:14.425+0000] {logging_mixin.py:190} INFO - [2026-08-19T00:21:14.425+0000] {dagbag.py:588} INFO - Filling up the DagBag from /opt/airflow/dags/arrivalytica_daily.py
[2026-08-19T00:21:14.433+0000] {processor.py:925} INFO - DAG(s) 'arrivalytica_daily' retrieved from /opt/airflow/dags/arrivalytica_daily.py
[2026-08-19T00:21:14.455+0000] {logging_mixin.py:190} INFO - [2026-08-19T00:21:14.455+0000] {dag.py:3239} INFO - Sync 1 DAGs
[2026-08-19T00:21:14.468+0000] {logging_mixin.py:190} INFO - [2026-08-19T00:21:14.468+0000] {dag.py:4180} INFO - Setting next_dagrun for arrivalytica_daily to 2026-08-17 15:00:00+00:00, run_after=2026-08-18 15:00:00+00:00
[2026-08-19T00:21:14.476+0000] {processor.py:208} INFO - Processing /opt/airflow/dags/arrivalytica_daily.py took 0.059 seconds
[2026-08-19T00:21:44.712+0000] {processor.py:186} INFO - Started process (PID=426) to work on /opt/airflow/dags/arrivalytica_daily.py
[2026-08-19T00:21:44.712+0000] {processor.py:914} INFO - Processing file /opt/airflow/dags/arrivalytica_daily.py for tasks to queue
[2026-08-19T00:21:44.715+0000] {logging_mixin.py:190} INFO - [2026-08-19T00:21:44.714+0000] {dagbag.py:588} INFO - Filling up the DagBag from /opt/airflow/dags/arrivalytica_daily.py
[2026-08-19T00:21:44.723+0000] {processor.py:925} INFO - DAG(s) 'arrivalytica_daily' retrieved from /opt/airflow/dags/arrivalytica_daily.py
[2026-08-19T00:21:44.746+0000] {logging_mixin.py:190} INFO - [2026-08-19T00:21:44.745+0000] {dag.py:3239} INFO - Sync 1 DAGs
[2026-08-19T00:21:44.760+0000] {logging_mixin.py:190} INFO - [2026-08-19T00:21:44.760+0000] {dag.py:4180} INFO - Setting next_dagrun for arrivalytica_daily to 2026-08-17 15:00:00+00:00, run_after=2026-08-18 15:00:00+00:00
[2026-08-19T00:21:44.768+0000] {processor.py:208} INFO - Processing /opt/airflow/dags/arrivalytica_daily.py took 0.062 seconds
[2026-08-19T00:22:15.059+0000] {processor.py:186} INFO - Started process (PID=431) to work on /opt/airflow/dags/arrivalytica_daily.py
[2026-08-19T00:22:15.060+0000] {processor.py:914} INFO - Processing file /opt/airflow/dags/arrivalytica_daily.py for tasks to queue
[2026-08-19T00:22:15.062+0000] {logging_mixin.py:190} INFO - [2026-08-19T00:22:15.062+0000] {dagbag.py:588} INFO - Filling up the DagBag from /opt/airflow/dags/arrivalytica_daily.py
[2026-08-19T00:22:15.069+0000] {processor.py:925} INFO - DAG(s) 'arrivalytica_daily' retrieved from /opt/airflow/dags/arrivalytica_daily.py
[2026-08-19T00:22:15.090+0000] {logging_mixin.py:190} INFO - [2026-08-19T00:22:15.089+0000] {dag.py:3239} INFO - Sync 1 DAGs
[2026-08-19T00:22:15.103+0000] {logging_mixin.py:190} INFO - [2026-08-19T00:22:15.103+0000] {dag.py:4180} INFO - Setting next_dagrun for arrivalytica_daily to 2026-08-17 15:00:00+00:00, run_after=2026-08-18 15:00:00+00:00
[2026-08-19T00:22:15.111+0000] {processor.py:208} INFO - Processing /opt/airflow/dags/arrivalytica_daily.py took 0.058 seconds
[2026-08-19T00:22:45.408+0000] {processor.py:186} INFO - Started process (PID=436) to work on /opt/airflow/dags/arrivalytica_daily.py
[2026-08-19T00:22:45.409+0000] {processor.py:914} INFO - Processing file /opt/airflow/dags/arrivalytica_daily.py for tasks to queue
[2026-08-19T00:22:45.411+0000] {logging_mixin.py:190} INFO - [2026-08-19T00:22:45.411+0000] {dagbag.py:588} INFO - Filling up the DagBag from /opt/airflow/dags/arrivalytica_daily.py
[2026-08-19T00:22:45.422+0000] {processor.py:925} INFO - DAG(s) 'arrivalytica_daily' retrieved from /opt/airflow/dags/arrivalytica_daily.py
[2026-08-19T00:22:45.448+0000] {logging_mixin.py:190} INFO - [2026-08-19T00:22:45.448+0000] {dag.py:3239} INFO - Sync 1 DAGs
[2026-08-19T00:22:45.465+0000] {logging_mixin.py:190} INFO - [2026-08-19T00:22:45.465+0000] {dag.py:4180} INFO - Setting next_dagrun for arrivalytica_daily to 2026-08-17 15:00:00+00:00, run_after=2026-08-18 15:00:00+00:00
[2026-08-19T00:22:45.476+0000] {processor.py:208} INFO - Processing /opt/airflow/dags/arrivalytica_daily.py took 0.077 seconds
[2026-08-19T00:23:15.748+0000] {processor.py:186} INFO - Started process (PID=441) to work on /opt/airflow/dags/arrivalytica_daily.py
[2026-08-19T00:23:15.749+0000] {processor.py:914} INFO - Processing file /opt/airflow/dags/arrivalytica_daily.py for tasks to queue
[2026-08-19T00:23:15.752+0000] {logging_mixin.py:190} INFO - [2026-08-19T00:23:15.752+0000] {dagbag.py:588} INFO - Filling up the DagBag from /opt/airflow/dags/arrivalytica_daily.py
[2026-08-19T00:23:15.767+0000] {processor.py:925} INFO - DAG(s) 'arrivalytica_daily' retrieved from /opt/airflow/dags/arrivalytica_daily.py
[2026-08-19T00:23:15.793+0000] {logging_mixin.py:190} INFO - [2026-08-19T00:23:15.793+0000] {dag.py:3239} INFO - Sync 1 DAGs
[2026-08-19T00:23:15.808+0000] {logging_mixin.py:190} INFO - [2026-08-19T00:23:15.808+0000] {dag.py:4180} INFO - Setting next_dagrun for arrivalytica_daily to 2026-08-17 15:00:00+00:00, run_after=2026-08-18 15:00:00+00:00
[2026-08-19T00:23:15.817+0000] {processor.py:208} INFO - Processing /opt/airflow/dags/arrivalytica_daily.py took 0.077 seconds
[2026-08-19T00:23:46.065+0000] {processor.py:186} INFO - Started process (PID=446) to work on /opt/airflow/dags/arrivalytica_daily.py
[2026-08-19T00:23:46.066+0000] {processor.py:914} INFO - Processing file /opt/airflow/dags/arrivalytica_daily.py for tasks to queue
[2026-08-19T00:23:46.069+0000] {logging_mixin.py:190} INFO - [2026-08-19T00:23:46.068+0000] {dagbag.py:588} INFO - Filling up the DagBag from /opt/airflow/dags/arrivalytica_daily.py
[2026-08-19T00:23:46.078+0000] {processor.py:925} INFO - DAG(s) 'arrivalytica_daily' retrieved from /opt/airflow/dags/arrivalytica_daily.py
[2026-08-19T00:23:46.101+0000] {logging_mixin.py:190} INFO - [2026-08-19T00:23:46.101+0000] {dag.py:3239} INFO - Sync 1 DAGs
[2026-08-19T00:23:46.114+0000] {logging_mixin.py:190} INFO - [2026-08-19T00:23:46.114+0000] {dag.py:4180} INFO - Setting next_dagrun for arrivalytica_daily to 2026-08-17 15:00:00+00:00, run_after=2026-08-18 15:00:00+00:00
[2026-08-19T00:23:46.124+0000] {processor.py:208} INFO - Processing /opt/airflow/dags/arrivalytica_daily.py took 0.066 seconds
[2026-08-19T00:24:16.426+0000] {processor.py:186} INFO - Started process (PID=451) to work on /opt/airflow/dags/arrivalytica_daily.py
[2026-08-19T00:24:16.427+0000] {processor.py:914} INFO - Processing file /opt/airflow/dags/arrivalytica_daily.py for tasks to queue
[2026-08-19T00:24:16.429+0000] {logging_mixin.py:190} INFO - [2026-08-19T00:24:16.429+0000] {dagbag.py:588} INFO - Filling up the DagBag from /opt/airflow/dags/arrivalytica_daily.py
[2026-08-19T00:24:16.439+0000] {processor.py:925} INFO - DAG(s) 'arrivalytica_daily' retrieved from /opt/airflow/dags/arrivalytica_daily.py
[2026-08-19T00:24:16.462+0000] {logging_mixin.py:190} INFO - [2026-08-19T00:24:16.462+0000] {dag.py:3239} INFO - Sync 1 DAGs
[2026-08-19T00:24:16.476+0000] {logging_mixin.py:190} INFO - [2026-08-19T00:24:16.476+0000] {dag.py:4180} INFO - Setting next_dagrun for arrivalytica_daily to 2026-08-17 15:00:00+00:00, run_after=2026-08-18 15:00:00+00:00
[2026-08-19T00:24:16.485+0000] {processor.py:208} INFO - Processing /opt/airflow/dags/arrivalytica_daily.py took 0.066 seconds
[2026-08-19T00:24:46.783+0000] {processor.py:186} INFO - Started process (PID=456) to work on /opt/airflow/dags/arrivalytica_daily.py
[2026-08-19T00:24:46.784+0000] {processor.py:914} INFO - Processing file /opt/airflow/dags/arrivalytica_daily.py for tasks to queue
[2026-08-19T00:24:46.786+0000] {logging_mixin.py:190} INFO - [2026-08-19T00:24:46.786+0000] {dagbag.py:588} INFO - Filling up the DagBag from /opt/airflow/dags/arrivalytica_daily.py
[2026-08-19T00:24:46.799+0000] {processor.py:925} INFO - DAG(s) 'arrivalytica_daily' retrieved from /opt/airflow/dags/arrivalytica_daily.py
[2026-08-19T00:24:46.823+0000] {logging_mixin.py:190} INFO - [2026-08-19T00:24:46.822+0000] {dag.py:3239} INFO - Sync 1 DAGs
[2026-08-19T00:24:46.836+0000] {logging_mixin.py:190} INFO - [2026-08-19T00:24:46.836+0000] {dag.py:4180} INFO - Setting next_dagrun for arrivalytica_daily to 2026-08-17 15:00:00+00:00, run_after=2026-08-18 15:00:00+00:00
[2026-08-19T00:24:46.845+0000] {processor.py:208} INFO - Processing /opt/airflow/dags/arrivalytica_daily.py took 0.070 seconds
[2026-08-19T00:25:17.138+0000] {processor.py:186} INFO - Started process (PID=461) to work on /opt/airflow/dags/arrivalytica_daily.py
[2026-08-19T00:25:17.139+0000] {processor.py:914} INFO - Processing file /opt/airflow/dags/arrivalytica_daily.py for tasks to queue
[2026-08-19T00:25:17.141+0000] {logging_mixin.py:190} INFO - [2026-08-19T00:25:17.140+0000] {dagbag.py:588} INFO - Filling up the DagBag from /opt/airflow/dags/arrivalytica_daily.py
[2026-08-19T00:25:17.149+0000] {processor.py:925} INFO - DAG(s) 'arrivalytica_daily' retrieved from /opt/airflow/dags/arrivalytica_daily.py
[2026-08-19T00:25:17.171+0000] {logging_mixin.py:190} INFO - [2026-08-19T00:25:17.171+0000] {dag.py:3239} INFO - Sync 1 DAGs
[2026-08-19T00:25:17.184+0000] {logging_mixin.py:190} INFO - [2026-08-19T00:25:17.184+0000] {dag.py:4180} INFO - Setting next_dagrun for arrivalytica_daily to 2026-08-17 15:00:00+00:00, run_after=2026-08-18 15:00:00+00:00
[2026-08-19T00:25:17.192+0000] {processor.py:208} INFO - Processing /opt/airflow/dags/arrivalytica_daily.py took 0.060 seconds
[2026-08-19T00:25:47.476+0000] {processor.py:186} INFO - Started process (PID=466) to work on /opt/airflow/dags/arrivalytica_daily.py
[2026-08-19T00:25:47.476+0000] {processor.py:914} INFO - Processing file /opt/airflow/dags/arrivalytica_daily.py for tasks to queue
[2026-08-19T00:25:47.479+0000] {logging_mixin.py:190} INFO - [2026-08-19T00:25:47.478+0000] {dagbag.py:588} INFO - Filling up the DagBag from /opt/airflow/dags/arrivalytica_daily.py
[2026-08-19T00:25:47.490+0000] {processor.py:925} INFO - DAG(s) 'arrivalytica_daily' retrieved from /opt/airflow/dags/arrivalytica_daily.py
[2026-08-19T00:25:47.514+0000] {logging_mixin.py:190} INFO - [2026-08-19T00:25:47.514+0000] {dag.py:3239} INFO - Sync 1 DAGs
[2026-08-19T00:25:47.528+0000] {logging_mixin.py:190} INFO - [2026-08-19T00:25:47.528+0000] {dag.py:4180} INFO - Setting next_dagrun for arrivalytica_daily to 2026-08-17 15:00:00+00:00, run_after=2026-08-18 15:00:00+00:00
[2026-08-19T00:25:47.536+0000] {processor.py:208} INFO - Processing /opt/airflow/dags/arrivalytica_daily.py took 0.068 seconds
[2026-08-19T00:26:17.841+0000] {processor.py:186} INFO - Started process (PID=471) to work on /opt/airflow/dags/arrivalytica_daily.py
[2026-08-19T00:26:17.842+0000] {processor.py:914} INFO - Processing file /opt/airflow/dags/arrivalytica_daily.py for tasks to queue
[2026-08-19T00:26:17.844+0000] {logging_mixin.py:190} INFO - [2026-08-19T00:26:17.843+0000] {dagbag.py:588} INFO - Filling up the DagBag from /opt/airflow/dags/arrivalytica_daily.py
[2026-08-19T00:26:17.854+0000] {processor.py:925} INFO - DAG(s) 'arrivalytica_daily' retrieved from /opt/airflow/dags/arrivalytica_daily.py
[2026-08-19T00:26:17.875+0000] {logging_mixin.py:190} INFO - [2026-08-19T00:26:17.875+0000] {dag.py:3239} INFO - Sync 1 DAGs
[2026-08-19T00:26:17.893+0000] {logging_mixin.py:190} INFO - [2026-08-19T00:26:17.893+0000] {dag.py:4180} INFO - Setting next_dagrun for arrivalytica_daily to 2026-08-17 15:00:00+00:00, run_after=2026-08-18 15:00:00+00:00
[2026-08-19T00:26:17.902+0000] {processor.py:208} INFO - Processing /opt/airflow/dags/arrivalytica_daily.py took 0.066 seconds
[2026-08-19T00:26:48.141+0000] {processor.py:186} INFO - Started process (PID=476) to work on /opt/airflow/dags/arrivalytica_daily.py
[2026-08-19T00:26:48.142+0000] {processor.py:914} INFO - Processing file /opt/airflow/dags/arrivalytica_daily.py for tasks to queue
[2026-08-19T00:26:48.145+0000] {logging_mixin.py:190} INFO - [2026-08-19T00:26:48.144+0000] {dagbag.py:588} INFO - Filling up the DagBag from /opt/airflow/dags/arrivalytica_daily.py
[2026-08-19T00:26:48.155+0000] {processor.py:925} INFO - DAG(s) 'arrivalytica_daily' retrieved from /opt/airflow/dags/arrivalytica_daily.py
[2026-08-19T00:26:48.180+0000] {logging_mixin.py:190} INFO - [2026-08-19T00:26:48.180+0000] {dag.py:3239} INFO - Sync 1 DAGs
[2026-08-19T00:26:48.197+0000] {logging_mixin.py:190} INFO - [2026-08-19T00:26:48.197+0000] {dag.py:4180} INFO - Setting next_dagrun for arrivalytica_daily to 2026-08-17 15:00:00+00:00, run_after=2026-08-18 15:00:00+00:00
[2026-08-19T00:26:48.207+0000] {processor.py:208} INFO - Processing /opt/airflow/dags/arrivalytica_daily.py took 0.072 seconds
[2026-08-19T00:27:18.495+0000] {processor.py:186} INFO - Started process (PID=481) to work on /opt/airflow/dags/arrivalytica_daily.py
[2026-08-19T00:27:18.496+0000] {processor.py:914} INFO - Processing file /opt/airflow/dags/arrivalytica_daily.py for tasks to queue
[2026-08-19T00:27:18.498+0000] {logging_mixin.py:190} INFO - [2026-08-19T00:27:18.498+0000] {dagbag.py:588} INFO - Filling up the DagBag from /opt/airflow/dags/arrivalytica_daily.py
[2026-08-19T00:27:18.508+0000] {processor.py:925} INFO - DAG(s) 'arrivalytica_daily' retrieved from /opt/airflow/dags/arrivalytica_daily.py
[2026-08-19T00:27:18.531+0000] {logging_mixin.py:190} INFO - [2026-08-19T00:27:18.531+0000] {dag.py:3239} INFO - Sync 1 DAGs
[2026-08-19T00:27:18.545+0000] {logging_mixin.py:190} INFO - [2026-08-19T00:27:18.544+0000] {dag.py:4180} INFO - Setting next_dagrun for arrivalytica_daily to 2026-08-17 15:00:00+00:00, run_after=2026-08-18 15:00:00+00:00
[2026-08-19T00:27:18.554+0000] {processor.py:208} INFO - Processing /opt/airflow/dags/arrivalytica_daily.py took 0.069 seconds
[2026-08-19T00:27:48.827+0000] {processor.py:186} INFO - Started process (PID=486) to work on /opt/airflow/dags/arrivalytica_daily.py
[2026-08-19T00:27:48.828+0000] {processor.py:914} INFO - Processing file /opt/airflow/dags/arrivalytica_daily.py for tasks to queue
[2026-08-19T00:27:48.830+0000] {logging_mixin.py:190} INFO - [2026-08-19T00:27:48.830+0000] {dagbag.py:588} INFO - Filling up the DagBag from /opt/airflow/dags/arrivalytica_daily.py
[2026-08-19T00:27:48.843+0000] {processor.py:925} INFO - DAG(s) 'arrivalytica_daily' retrieved from /opt/airflow/dags/arrivalytica_daily.py
[2026-08-19T00:27:48.871+0000] {logging_mixin.py:190} INFO - [2026-08-19T00:27:48.871+0000] {dag.py:3239} INFO - Sync 1 DAGs
[2026-08-19T00:27:48.889+0000] {logging_mixin.py:190} INFO - [2026-08-19T00:27:48.889+0000] {dag.py:4180} INFO - Setting next_dagrun for arrivalytica_daily to 2026-08-17 15:00:00+00:00, run_after=2026-08-18 15:00:00+00:00
[2026-08-19T00:27:48.899+0000] {processor.py:208} INFO - Processing /opt/airflow/dags/arrivalytica_daily.py took 0.078 seconds
[2026-08-19T00:28:19.149+0000] {processor.py:186} INFO - Started process (PID=491) to work on /opt/airflow/dags/arrivalytica_daily.py
[2026-08-19T00:28:19.149+0000] {processor.py:914} INFO - Processing file /opt/airflow/dags/arrivalytica_daily.py for tasks to queue
[2026-08-19T00:28:19.152+0000] {logging_mixin.py:190} INFO - [2026-08-19T00:28:19.151+0000] {dagbag.py:588} INFO - Filling up the DagBag from /opt/airflow/dags/arrivalytica_daily.py
[2026-08-19T00:28:19.163+0000] {processor.py:925} INFO - DAG(s) 'arrivalytica_daily' retrieved from /opt/airflow/dags/arrivalytica_daily.py
[2026-08-19T00:28:19.186+0000] {logging_mixin.py:190} INFO - [2026-08-19T00:28:19.186+0000] {dag.py:3239} INFO - Sync 1 DAGs
[2026-08-19T00:28:19.201+0000] {logging_mixin.py:190} INFO - [2026-08-19T00:28:19.200+0000] {dag.py:4180} INFO - Setting next_dagrun for arrivalytica_daily to 2026-08-17 15:00:00+00:00, run_after=2026-08-18 15:00:00+00:00
[2026-08-19T00:28:19.210+0000] {processor.py:208} INFO - Processing /opt/airflow/dags/arrivalytica_daily.py took 0.070 seconds
[2026-08-19T00:28:49.453+0000] {processor.py:186} INFO - Started process (PID=496) to work on /opt/airflow/dags/arrivalytica_daily.py
[2026-08-19T00:28:49.455+0000] {processor.py:914} INFO - Processing file /opt/airflow/dags/arrivalytica_daily.py for tasks to queue
[2026-08-19T00:28:49.457+0000] {logging_mixin.py:190} INFO - [2026-08-19T00:28:49.457+0000] {dagbag.py:588} INFO - Filling up the DagBag from /opt/airflow/dags/arrivalytica_daily.py
[2026-08-19T00:28:49.469+0000] {processor.py:925} INFO - DAG(s) 'arrivalytica_daily' retrieved from /opt/airflow/dags/arrivalytica_daily.py
[2026-08-19T00:28:49.492+0000] {logging_mixin.py:190} INFO - [2026-08-19T00:28:49.492+0000] {dag.py:3239} INFO - Sync 1 DAGs
[2026-08-19T00:28:49.506+0000] {logging_mixin.py:190} INFO - [2026-08-19T00:28:49.506+0000] {dag.py:4180} INFO - Setting next_dagrun for arrivalytica_daily to 2026-08-17 15:00:00+00:00, run_after=2026-08-18 15:00:00+00:00
[2026-08-19T00:28:49.515+0000] {processor.py:208} INFO - Processing /opt/airflow/dags/arrivalytica_daily.py took 0.070 seconds
[2026-08-19T00:29:19.780+0000] {processor.py:186} INFO - Started process (PID=501) to work on /opt/airflow/dags/arrivalytica_daily.py
[2026-08-19T00:29:19.780+0000] {processor.py:914} INFO - Processing file /opt/airflow/dags/arrivalytica_daily.py for tasks to queue
[2026-08-19T00:29:19.785+0000] {logging_mixin.py:190} INFO - [2026-08-19T00:29:19.784+0000] {dagbag.py:588} INFO - Filling up the DagBag from /opt/airflow/dags/arrivalytica_daily.py
[2026-08-19T00:29:19.797+0000] {processor.py:925} INFO - DAG(s) 'arrivalytica_daily' retrieved from /opt/airflow/dags/arrivalytica_daily.py
[2026-08-19T00:29:19.819+0000] {logging_mixin.py:190} INFO - [2026-08-19T00:29:19.819+0000] {dag.py:3239} INFO - Sync 1 DAGs
[2026-08-19T00:29:19.832+0000] {logging_mixin.py:190} INFO - [2026-08-19T00:29:19.832+0000] {dag.py:4180} INFO - Setting next_dagrun for arrivalytica_daily to 2026-08-17 15:00:00+00:00, run_after=2026-08-18 15:00:00+00:00
[2026-08-19T00:29:19.841+0000] {processor.py:208} INFO - Processing /opt/airflow/dags/arrivalytica_daily.py took 0.069 seconds
[2026-08-19T00:29:50.069+0000] {processor.py:186} INFO - Started process (PID=507) to work on /opt/airflow/dags/arrivalytica_daily.py
[2026-08-19T00:29:50.070+0000] {processor.py:914} INFO - Processing file /opt/airflow/dags/arrivalytica_daily.py for tasks to queue
[2026-08-19T00:29:50.074+0000] {logging_mixin.py:190} INFO - [2026-08-19T00:29:50.073+0000] {dagbag.py:588} INFO - Filling up the DagBag from /opt/airflow/dags/arrivalytica_daily.py
[2026-08-19T00:29:50.094+0000] {processor.py:925} INFO - DAG(s) 'arrivalytica_daily' retrieved from /opt/airflow/dags/arrivalytica_daily.py
[2026-08-19T00:29:50.126+0000] {logging_mixin.py:190} INFO - [2026-08-19T00:29:50.126+0000] {dag.py:3239} INFO - Sync 1 DAGs
[2026-08-19T00:29:50.142+0000] {logging_mixin.py:190} INFO - [2026-08-19T00:29:50.142+0000] {dag.py:4180} INFO - Setting next_dagrun for arrivalytica_daily to 2026-08-17 15:00:00+00:00, run_after=2026-08-18 15:00:00+00:00
[2026-08-19T00:29:50.152+0000] {processor.py:208} INFO - Processing /opt/airflow/dags/arrivalytica_daily.py took 0.093 seconds
[2026-08-19T00:30:20.417+0000] {processor.py:186} INFO - Started process (PID=512) to work on /opt/airflow/dags/arrivalytica_daily.py
[2026-08-19T00:30:20.418+0000] {processor.py:914} INFO - Processing file /opt/airflow/dags/arrivalytica_daily.py for tasks to queue
[2026-08-19T00:30:20.421+0000] {logging_mixin.py:190} INFO - [2026-08-19T00:30:20.420+0000] {dagbag.py:588} INFO - Filling up the DagBag from /opt/airflow/dags/arrivalytica_daily.py
[2026-08-19T00:30:20.431+0000] {processor.py:925} INFO - DAG(s) 'arrivalytica_daily' retrieved from /opt/airflow/dags/arrivalytica_daily.py
[2026-08-19T00:30:20.455+0000] {logging_mixin.py:190} INFO - [2026-08-19T00:30:20.455+0000] {dag.py:3239} INFO - Sync 1 DAGs
[2026-08-19T00:30:20.471+0000] {logging_mixin.py:190} INFO - [2026-08-19T00:30:20.471+0000] {dag.py:4180} INFO - Setting next_dagrun for arrivalytica_daily to 2026-08-17 15:00:00+00:00, run_after=2026-08-18 15:00:00+00:00
[2026-08-19T00:30:20.481+0000] {processor.py:208} INFO - Processing /opt/airflow/dags/arrivalytica_daily.py took 0.070 seconds
[2026-08-19T00:30:50.768+0000] {processor.py:186} INFO - Started process (PID=517) to work on /opt/airflow/dags/arrivalytica_daily.py
[2026-08-19T00:30:50.769+0000] {processor.py:914} INFO - Processing file /opt/airflow/dags/arrivalytica_daily.py for tasks to queue
[2026-08-19T00:30:50.773+0000] {logging_mixin.py:190} INFO - [2026-08-19T00:30:50.772+0000] {dagbag.py:588} INFO - Filling up the DagBag from /opt/airflow/dags/arrivalytica_daily.py
[2026-08-19T00:30:50.787+0000] {processor.py:925} INFO - DAG(s) 'arrivalytica_daily' retrieved from /opt/airflow/dags/arrivalytica_daily.py
[2026-08-19T00:30:50.812+0000] {logging_mixin.py:190} INFO - [2026-08-19T00:30:50.812+0000] {dag.py:3239} INFO - Sync 1 DAGs
[2026-08-19T00:30:50.827+0000] {logging_mixin.py:190} INFO - [2026-08-19T00:30:50.827+0000] {dag.py:4180} INFO - Setting next_dagrun for arrivalytica_daily to 2026-08-17 15:00:00+00:00, run_after=2026-08-18 15:00:00+00:00
[2026-08-19T00:30:50.836+0000] {processor.py:208} INFO - Processing /opt/airflow/dags/arrivalytica_daily.py took 0.077 seconds
[2026-08-19T00:31:21.109+0000] {processor.py:186} INFO - Started process (PID=522) to work on /opt/airflow/dags/arrivalytica_daily.py
[2026-08-19T00:31:21.110+0000] {processor.py:914} INFO - Processing file /opt/airflow/dags/arrivalytica_daily.py for tasks to queue
[2026-08-19T00:31:21.112+0000] {logging_mixin.py:190} INFO - [2026-08-19T00:31:21.111+0000] {dagbag.py:588} INFO - Filling up the DagBag from /opt/airflow/dags/arrivalytica_daily.py
[2026-08-19T00:31:21.121+0000] {processor.py:925} INFO - DAG(s) 'arrivalytica_daily' retrieved from /opt/airflow/dags/arrivalytica_daily.py
[2026-08-19T00:31:21.144+0000] {logging_mixin.py:190} INFO - [2026-08-19T00:31:21.144+0000] {dag.py:3239} INFO - Sync 1 DAGs
[2026-08-19T00:31:21.157+0000] {logging_mixin.py:190} INFO - [2026-08-19T00:31:21.157+0000] {dag.py:4180} INFO - Setting next_dagrun for arrivalytica_daily to 2026-08-17 15:00:00+00:00, run_after=2026-08-18 15:00:00+00:00
[2026-08-19T00:31:21.166+0000] {processor.py:208} INFO - Processing /opt/airflow/dags/arrivalytica_daily.py took 0.063 seconds
[2026-08-19T00:31:51.485+0000] {processor.py:186} INFO - Started process (PID=527) to work on /opt/airflow/dags/arrivalytica_daily.py
[2026-08-19T00:31:51.486+0000] {processor.py:914} INFO - Processing file /opt/airflow/dags/arrivalytica_daily.py for tasks to queue
[2026-08-19T00:31:51.488+0000] {logging_mixin.py:190} INFO - [2026-08-19T00:31:51.488+0000] {dagbag.py:588} INFO - Filling up the DagBag from /opt/airflow/dags/arrivalytica_daily.py
[2026-08-19T00:31:51.498+0000] {processor.py:925} INFO - DAG(s) 'arrivalytica_daily' retrieved from /opt/airflow/dags/arrivalytica_daily.py
[2026-08-19T00:31:51.522+0000] {logging_mixin.py:190} INFO - [2026-08-19T00:31:51.521+0000] {dag.py:3239} INFO - Sync 1 DAGs
[2026-08-19T00:31:51.536+0000] {logging_mixin.py:190} INFO - [2026-08-19T00:31:51.536+0000] {dag.py:4180} INFO - Setting next_dagrun for arrivalytica_daily to 2026-08-17 15:00:00+00:00, run_after=2026-08-18 15:00:00+00:00
[2026-08-19T00:31:51.544+0000] {processor.py:208} INFO - Processing /opt/airflow/dags/arrivalytica_daily.py took 0.066 seconds
[2026-08-19T00:32:21.829+0000] {processor.py:186} INFO - Started process (PID=532) to work on /opt/airflow/dags/arrivalytica_daily.py
[2026-08-19T00:32:21.830+0000] {processor.py:914} INFO - Processing file /opt/airflow/dags/arrivalytica_daily.py for tasks to queue
[2026-08-19T00:32:21.832+0000] {logging_mixin.py:190} INFO - [2026-08-19T00:32:21.832+0000] {dagbag.py:588} INFO - Filling up the DagBag from /opt/airflow/dags/arrivalytica_daily.py
[2026-08-19T00:32:21.842+0000] {processor.py:925} INFO - DAG(s) 'arrivalytica_daily' retrieved from /opt/airflow/dags/arrivalytica_daily.py
[2026-08-19T00:32:21.865+0000] {logging_mixin.py:190} INFO - [2026-08-19T00:32:21.865+0000] {dag.py:3239} INFO - Sync 1 DAGs
[2026-08-19T00:32:21.878+0000] {logging_mixin.py:190} INFO - [2026-08-19T00:32:21.878+0000] {dag.py:4180} INFO - Setting next_dagrun for arrivalytica_daily to 2026-08-17 15:00:00+00:00, run_after=2026-08-18 15:00:00+00:00
[2026-08-19T00:32:21.887+0000] {processor.py:208} INFO - Processing /opt/airflow/dags/arrivalytica_daily.py took 0.064 seconds
[2026-08-19T00:32:52.146+0000] {processor.py:186} INFO - Started process (PID=537) to work on /opt/airflow/dags/arrivalytica_daily.py
[2026-08-19T00:32:52.147+0000] {processor.py:914} INFO - Processing file /opt/airflow/dags/arrivalytica_daily.py for tasks to queue
[2026-08-19T00:32:52.149+0000] {logging_mixin.py:190} INFO - [2026-08-19T00:32:52.149+0000] {dagbag.py:588} INFO - Filling up the DagBag from /opt/airflow/dags/arrivalytica_daily.py
[2026-08-19T00:32:52.159+0000] {processor.py:925} INFO - DAG(s) 'arrivalytica_daily' retrieved from /opt/airflow/dags/arrivalytica_daily.py
[2026-08-19T00:32:52.183+0000] {logging_mixin.py:190} INFO - [2026-08-19T00:32:52.182+0000] {dag.py:3239} INFO - Sync 1 DAGs
[2026-08-19T00:32:52.197+0000] {logging_mixin.py:190} INFO - [2026-08-19T00:32:52.197+0000] {dag.py:4180} INFO - Setting next_dagrun for arrivalytica_daily to 2026-08-17 15:00:00+00:00, run_after=2026-08-18 15:00:00+00:00
[2026-08-19T00:32:52.206+0000] {processor.py:208} INFO - Processing /opt/airflow/dags/arrivalytica_daily.py took 0.066 seconds
[2026-08-19T00:33:22.495+0000] {processor.py:186} INFO - Started process (PID=542) to work on /opt/airflow/dags/arrivalytica_daily.py
[2026-08-19T00:33:22.496+0000] {processor.py:914} INFO - Processing file /opt/airflow/dags/arrivalytica_daily.py for tasks to queue
[2026-08-19T00:33:22.498+0000] {logging_mixin.py:190} INFO - [2026-08-19T00:33:22.498+0000] {dagbag.py:588} INFO - Filling up the DagBag from /opt/airflow/dags/arrivalytica_daily.py
[2026-08-19T00:33:22.508+0000] {processor.py:925} INFO - DAG(s) 'arrivalytica_daily' retrieved from /opt/airflow/dags/arrivalytica_daily.py
[2026-08-19T00:33:22.527+0000] {logging_mixin.py:190} INFO - [2026-08-19T00:33:22.527+0000] {dag.py:3239} INFO - Sync 1 DAGs
[2026-08-19T00:33:22.540+0000] {logging_mixin.py:190} INFO - [2026-08-19T00:33:22.539+0000] {dag.py:4180} INFO - Setting next_dagrun for arrivalytica_daily to 2026-08-17 15:00:00+00:00, run_after=2026-08-18 15:00:00+00:00
[2026-08-19T00:33:22.548+0000] {processor.py:208} INFO - Processing /opt/airflow/dags/arrivalytica_daily.py took 0.058 seconds
[2026-08-19T00:33:52.827+0000] {processor.py:186} INFO - Started process (PID=547) to work on /opt/airflow/dags/arrivalytica_daily.py
[2026-08-19T00:33:52.828+0000] {processor.py:914} INFO - Processing file /opt/airflow/dags/arrivalytica_daily.py for tasks to queue
[2026-08-19T00:33:52.830+0000] {logging_mixin.py:190} INFO - [2026-08-19T00:33:52.830+0000] {dagbag.py:588} INFO - Filling up the DagBag from /opt/airflow/dags/arrivalytica_daily.py
[2026-08-19T00:33:52.838+0000] {processor.py:925} INFO - DAG(s) 'arrivalytica_daily' retrieved from /opt/airflow/dags/arrivalytica_daily.py
[2026-08-19T00:33:52.857+0000] {logging_mixin.py:190} INFO - [2026-08-19T00:33:52.857+0000] {dag.py:3239} INFO - Sync 1 DAGs
[2026-08-19T00:33:52.870+0000] {logging_mixin.py:190} INFO - [2026-08-19T00:33:52.870+0000] {dag.py:4180} INFO - Setting next_dagrun for arrivalytica_daily to 2026-08-17 15:00:00+00:00, run_after=2026-08-18 15:00:00+00:00
[2026-08-19T00:33:52.879+0000] {processor.py:208} INFO - Processing /opt/airflow/dags/arrivalytica_daily.py took 0.059 seconds
[2026-08-19T00:34:23.139+0000] {processor.py:186} INFO - Started process (PID=563) to work on /opt/airflow/dags/arrivalytica_daily.py
[2026-08-19T00:34:23.140+0000] {processor.py:914} INFO - Processing file /opt/airflow/dags/arrivalytica_daily.py for tasks to queue
[2026-08-19T00:34:23.142+0000] {logging_mixin.py:190} INFO - [2026-08-19T00:34:23.142+0000] {dagbag.py:588} INFO - Filling up the DagBag from /opt/airflow/dags/arrivalytica_daily.py
[2026-08-19T00:34:23.151+0000] {processor.py:925} INFO - DAG(s) 'arrivalytica_daily' retrieved from /opt/airflow/dags/arrivalytica_daily.py
[2026-08-19T00:34:23.171+0000] {logging_mixin.py:190} INFO - [2026-08-19T00:34:23.171+0000] {dag.py:3239} INFO - Sync 1 DAGs
[2026-08-19T00:34:23.183+0000] {logging_mixin.py:190} INFO - [2026-08-19T00:34:23.183+0000] {dag.py:4180} INFO - Setting next_dagrun for arrivalytica_daily to 2026-08-18 15:00:00+00:00, run_after=2026-08-19 15:00:00+00:00
[2026-08-19T00:34:23.191+0000] {processor.py:208} INFO - Processing /opt/airflow/dags/arrivalytica_daily.py took 0.057 seconds
[2026-08-19T00:34:53.477+0000] {processor.py:186} INFO - Started process (PID=645) to work on /opt/airflow/dags/arrivalytica_daily.py
[2026-08-19T00:34:53.478+0000] {processor.py:914} INFO - Processing file /opt/airflow/dags/arrivalytica_daily.py for tasks to queue
[2026-08-19T00:34:53.479+0000] {logging_mixin.py:190} INFO - [2026-08-19T00:34:53.479+0000] {dagbag.py:588} INFO - Filling up the DagBag from /opt/airflow/dags/arrivalytica_daily.py
[2026-08-19T00:34:53.489+0000] {processor.py:925} INFO - DAG(s) 'arrivalytica_daily' retrieved from /opt/airflow/dags/arrivalytica_daily.py
[2026-08-19T00:34:53.512+0000] {logging_mixin.py:190} INFO - [2026-08-19T00:34:53.511+0000] {dag.py:3239} INFO - Sync 1 DAGs
[2026-08-19T00:34:53.526+0000] {logging_mixin.py:190} INFO - [2026-08-19T00:34:53.525+0000] {dag.py:4180} INFO - Setting next_dagrun for arrivalytica_daily to 2026-08-18 15:00:00+00:00, run_after=2026-08-19 15:00:00+00:00
[2026-08-19T00:34:53.535+0000] {processor.py:208} INFO - Processing /opt/airflow/dags/arrivalytica_daily.py took 0.065 seconds
[2026-08-19T00:35:23.862+0000] {processor.py:186} INFO - Started process (PID=650) to work on /opt/airflow/dags/arrivalytica_daily.py
[2026-08-19T00:35:23.863+0000] {processor.py:914} INFO - Processing file /opt/airflow/dags/arrivalytica_daily.py for tasks to queue
[2026-08-19T00:35:23.866+0000] {logging_mixin.py:190} INFO - [2026-08-19T00:35:23.866+0000] {dagbag.py:588} INFO - Filling up the DagBag from /opt/airflow/dags/arrivalytica_daily.py
[2026-08-19T00:35:23.880+0000] {processor.py:925} INFO - DAG(s) 'arrivalytica_daily' retrieved from /opt/airflow/dags/arrivalytica_daily.py
[2026-08-19T00:35:23.905+0000] {logging_mixin.py:190} INFO - [2026-08-19T00:35:23.905+0000] {dag.py:3239} INFO - Sync 1 DAGs
[2026-08-19T00:35:23.921+0000] {logging_mixin.py:190} INFO - [2026-08-19T00:35:23.920+0000] {dag.py:4180} INFO - Setting next_dagrun for arrivalytica_daily to 2026-08-18 15:00:00+00:00, run_after=2026-08-19 15:00:00+00:00
[2026-08-19T00:35:23.930+0000] {processor.py:208} INFO - Processing /opt/airflow/dags/arrivalytica_daily.py took 0.077 seconds
[2026-08-19T00:35:54.191+0000] {processor.py:186} INFO - Started process (PID=655) to work on /opt/airflow/dags/arrivalytica_daily.py
[2026-08-19T00:35:54.192+0000] {processor.py:914} INFO - Processing file /opt/airflow/dags/arrivalytica_daily.py for tasks to queue
[2026-08-19T00:35:54.195+0000] {logging_mixin.py:190} INFO - [2026-08-19T00:35:54.195+0000] {dagbag.py:588} INFO - Filling up the DagBag from /opt/airflow/dags/arrivalytica_daily.py
[2026-08-19T00:35:54.208+0000] {processor.py:925} INFO - DAG(s) 'arrivalytica_daily' retrieved from /opt/airflow/dags/arrivalytica_daily.py
[2026-08-19T00:35:54.234+0000] {logging_mixin.py:190} INFO - [2026-08-19T00:35:54.234+0000] {dag.py:3239} INFO - Sync 1 DAGs
[2026-08-19T00:35:54.248+0000] {logging_mixin.py:190} INFO - [2026-08-19T00:35:54.248+0000] {dag.py:4180} INFO - Setting next_dagrun for arrivalytica_daily to 2026-08-18 15:00:00+00:00, run_after=2026-08-19 15:00:00+00:00
[2026-08-19T00:35:54.258+0000] {processor.py:208} INFO - Processing /opt/airflow/dags/arrivalytica_daily.py took 0.076 seconds
[2026-08-19T00:36:24.496+0000] {processor.py:186} INFO - Started process (PID=660) to work on /opt/airflow/dags/arrivalytica_daily.py
[2026-08-19T00:36:24.496+0000] {processor.py:914} INFO - Processing file /opt/airflow/dags/arrivalytica_daily.py for tasks to queue
[2026-08-19T00:36:24.498+0000] {logging_mixin.py:190} INFO - [2026-08-19T00:36:24.498+0000] {dagbag.py:588} INFO - Filling up the DagBag from /opt/airflow/dags/arrivalytica_daily.py
[2026-08-19T00:36:24.508+0000] {processor.py:925} INFO - DAG(s) 'arrivalytica_daily' retrieved from /opt/airflow/dags/arrivalytica_daily.py
[2026-08-19T00:36:24.533+0000] {logging_mixin.py:190} INFO - [2026-08-19T00:36:24.533+0000] {dag.py:3239} INFO - Sync 1 DAGs
[2026-08-19T00:36:24.548+0000] {logging_mixin.py:190} INFO - [2026-08-19T00:36:24.548+0000] {dag.py:4180} INFO - Setting next_dagrun for arrivalytica_daily to 2026-08-18 15:00:00+00:00, run_after=2026-08-19 15:00:00+00:00
[2026-08-19T00:36:24.557+0000] {processor.py:208} INFO - Processing /opt/airflow/dags/arrivalytica_daily.py took 0.066 seconds
[2026-08-19T00:36:54.859+0000] {processor.py:186} INFO - Started process (PID=665) to work on /opt/airflow/dags/arrivalytica_daily.py
[2026-08-19T00:36:54.860+0000] {processor.py:914} INFO - Processing file /opt/airflow/dags/arrivalytica_daily.py for tasks to queue
[2026-08-19T00:36:54.863+0000] {logging_mixin.py:190} INFO - [2026-08-19T00:36:54.862+0000] {dagbag.py:588} INFO - Filling up the DagBag from /opt/airflow/dags/arrivalytica_daily.py
[2026-08-19T00:36:54.872+0000] {processor.py:925} INFO - DAG(s) 'arrivalytica_daily' retrieved from /opt/airflow/dags/arrivalytica_daily.py
[2026-08-19T00:36:54.895+0000] {logging_mixin.py:190} INFO - [2026-08-19T00:36:54.895+0000] {dag.py:3239} INFO - Sync 1 DAGs
[2026-08-19T00:36:54.910+0000] {logging_mixin.py:190} INFO - [2026-08-19T00:36:54.910+0000] {dag.py:4180} INFO - Setting next_dagrun for arrivalytica_daily to 2026-08-18 15:00:00+00:00, run_after=2026-08-19 15:00:00+00:00
[2026-08-19T00:36:54.919+0000] {processor.py:208} INFO - Processing /opt/airflow/dags/arrivalytica_daily.py took 0.066 seconds
[2026-08-19T00:37:25.156+0000] {processor.py:186} INFO - Started process (PID=670) to work on /opt/airflow/dags/arrivalytica_daily.py
[2026-08-19T00:37:25.157+0000] {processor.py:914} INFO - Processing file /opt/airflow/dags/arrivalytica_daily.py for tasks to queue
[2026-08-19T00:37:25.159+0000] {logging_mixin.py:190} INFO - [2026-08-19T00:37:25.159+0000] {dagbag.py:588} INFO - Filling up the DagBag from /opt/airflow/dags/arrivalytica_daily.py
[2026-08-19T00:37:25.169+0000] {processor.py:925} INFO - DAG(s) 'arrivalytica_daily' retrieved from /opt/airflow/dags/arrivalytica_daily.py
[2026-08-19T00:37:25.191+0000] {logging_mixin.py:190} INFO - [2026-08-19T00:37:25.191+0000] {dag.py:3239} INFO - Sync 1 DAGs
[2026-08-19T00:37:25.206+0000] {logging_mixin.py:190} INFO - [2026-08-19T00:37:25.205+0000] {dag.py:4180} INFO - Setting next_dagrun for arrivalytica_daily to 2026-08-18 15:00:00+00:00, run_after=2026-08-19 15:00:00+00:00
[2026-08-19T00:37:25.214+0000] {processor.py:208} INFO - Processing /opt/airflow/dags/arrivalytica_daily.py took 0.068 seconds
[2026-08-19T00:37:55.463+0000] {processor.py:186} INFO - Started process (PID=675) to work on /opt/airflow/dags/arrivalytica_daily.py
[2026-08-19T00:37:55.464+0000] {processor.py:914} INFO - Processing file /opt/airflow/dags/arrivalytica_daily.py for tasks to queue
[2026-08-19T00:37:55.467+0000] {logging_mixin.py:190} INFO - [2026-08-19T00:37:55.466+0000] {dagbag.py:588} INFO - Filling up the DagBag from /opt/airflow/dags/arrivalytica_daily.py
[2026-08-19T00:37:55.476+0000] {processor.py:925} INFO - DAG(s) 'arrivalytica_daily' retrieved from /opt/airflow/dags/arrivalytica_daily.py
[2026-08-19T00:37:55.498+0000] {logging_mixin.py:190} INFO - [2026-08-19T00:37:55.498+0000] {dag.py:3239} INFO - Sync 1 DAGs
[2026-08-19T00:37:55.512+0000] {logging_mixin.py:190} INFO - [2026-08-19T00:37:55.512+0000] {dag.py:4180} INFO - Setting next_dagrun for arrivalytica_daily to 2026-08-18 15:00:00+00:00, run_after=2026-08-19 15:00:00+00:00
[2026-08-19T00:37:55.521+0000] {processor.py:208} INFO - Processing /opt/airflow/dags/arrivalytica_daily.py took 0.064 seconds
[2026-08-19T00:38:25.777+0000] {processor.py:186} INFO - Started process (PID=680) to work on /opt/airflow/dags/arrivalytica_daily.py
[2026-08-19T00:38:25.778+0000] {processor.py:914} INFO - Processing file /opt/airflow/dags/arrivalytica_daily.py for tasks to queue
[2026-08-19T00:38:25.782+0000] {logging_mixin.py:190} INFO - [2026-08-19T00:38:25.782+0000] {dagbag.py:588} INFO - Filling up the DagBag from /opt/airflow/dags/arrivalytica_daily.py
[2026-08-19T00:38:25.796+0000] {processor.py:925} INFO - DAG(s) 'arrivalytica_daily' retrieved from /opt/airflow/dags/arrivalytica_daily.py
[2026-08-19T00:38:25.819+0000] {logging_mixin.py:190} INFO - [2026-08-19T00:38:25.819+0000] {dag.py:3239} INFO - Sync 1 DAGs
[2026-08-19T00:38:25.833+0000] {logging_mixin.py:190} INFO - [2026-08-19T00:38:25.833+0000] {dag.py:4180} INFO - Setting next_dagrun for arrivalytica_daily to 2026-08-18 15:00:00+00:00, run_after=2026-08-19 15:00:00+00:00
[2026-08-19T00:38:25.842+0000] {processor.py:208} INFO - Processing /opt/airflow/dags/arrivalytica_daily.py took 0.073 seconds
[2026-08-19T00:38:56.078+0000] {processor.py:186} INFO - Started process (PID=685) to work on /opt/airflow/dags/arrivalytica_daily.py
[2026-08-19T00:38:56.080+0000] {processor.py:914} INFO - Processing file /opt/airflow/dags/arrivalytica_daily.py for tasks to queue
[2026-08-19T00:38:56.083+0000] {logging_mixin.py:190} INFO - [2026-08-19T00:38:56.082+0000] {dagbag.py:588} INFO - Filling up the DagBag from /opt/airflow/dags/arrivalytica_daily.py
[2026-08-19T00:38:56.096+0000] {processor.py:925} INFO - DAG(s) 'arrivalytica_daily' retrieved from /opt/airflow/dags/arrivalytica_daily.py
[2026-08-19T00:38:56.125+0000] {logging_mixin.py:190} INFO - [2026-08-19T00:38:56.125+0000] {dag.py:3239} INFO - Sync 1 DAGs
[2026-08-19T00:38:56.143+0000] {logging_mixin.py:190} INFO - [2026-08-19T00:38:56.143+0000] {dag.py:4180} INFO - Setting next_dagrun for arrivalytica_daily to 2026-08-18 15:00:00+00:00, run_after=2026-08-19 15:00:00+00:00
[2026-08-19T00:38:56.153+0000] {processor.py:208} INFO - Processing /opt/airflow/dags/arrivalytica_daily.py took 0.083 seconds
[2026-08-19T00:39:26.458+0000] {processor.py:186} INFO - Started process (PID=690) to work on /opt/airflow/dags/arrivalytica_daily.py
[2026-08-19T00:39:26.459+0000] {processor.py:914} INFO - Processing file /opt/airflow/dags/arrivalytica_daily.py for tasks to queue
[2026-08-19T00:39:26.463+0000] {logging_mixin.py:190} INFO - [2026-08-19T00:39:26.462+0000] {dagbag.py:588} INFO - Filling up the DagBag from /opt/airflow/dags/arrivalytica_daily.py
[2026-08-19T00:39:26.478+0000] {processor.py:925} INFO - DAG(s) 'arrivalytica_daily' retrieved from /opt/airflow/dags/arrivalytica_daily.py
[2026-08-19T00:39:26.503+0000] {logging_mixin.py:190} INFO - [2026-08-19T00:39:26.502+0000] {dag.py:3239} INFO - Sync 1 DAGs
[2026-08-19T00:39:26.518+0000] {logging_mixin.py:190} INFO - [2026-08-19T00:39:26.518+0000] {dag.py:4180} INFO - Setting next_dagrun for arrivalytica_daily to 2026-08-18 15:00:00+00:00, run_after=2026-08-19 15:00:00+00:00
[2026-08-19T00:39:26.527+0000] {processor.py:208} INFO - Processing /opt/airflow/dags/arrivalytica_daily.py took 0.076 seconds
[2026-08-19T00:39:56.785+0000] {processor.py:186} INFO - Started process (PID=695) to work on /opt/airflow/dags/arrivalytica_daily.py
[2026-08-19T00:39:56.786+0000] {processor.py:914} INFO - Processing file /opt/airflow/dags/arrivalytica_daily.py for tasks to queue
[2026-08-19T00:39:56.788+0000] {logging_mixin.py:190} INFO - [2026-08-19T00:39:56.787+0000] {dagbag.py:588} INFO - Filling up the DagBag from /opt/airflow/dags/arrivalytica_daily.py
[2026-08-19T00:39:56.799+0000] {processor.py:925} INFO - DAG(s) 'arrivalytica_daily' retrieved from /opt/airflow/dags/arrivalytica_daily.py
[2026-08-19T00:39:56.826+0000] {logging_mixin.py:190} INFO - [2026-08-19T00:39:56.826+0000] {dag.py:3239} INFO - Sync 1 DAGs
[2026-08-19T00:39:56.841+0000] {logging_mixin.py:190} INFO - [2026-08-19T00:39:56.841+0000] {dag.py:4180} INFO - Setting next_dagrun for arrivalytica_daily to 2026-08-18 15:00:00+00:00, run_after=2026-08-19 15:00:00+00:00
[2026-08-19T00:39:56.850+0000] {processor.py:208} INFO - Processing /opt/airflow/dags/arrivalytica_daily.py took 0.072 seconds
[2026-08-19T00:40:27.166+0000] {processor.py:186} INFO - Started process (PID=700) to work on /opt/airflow/dags/arrivalytica_daily.py
[2026-08-19T00:40:27.167+0000] {processor.py:914} INFO - Processing file /opt/airflow/dags/arrivalytica_daily.py for tasks to queue
[2026-08-19T00:40:27.169+0000] {logging_mixin.py:190} INFO - [2026-08-19T00:40:27.168+0000] {dagbag.py:588} INFO - Filling up the DagBag from /opt/airflow/dags/arrivalytica_daily.py
[2026-08-19T00:40:27.179+0000] {processor.py:925} INFO - DAG(s) 'arrivalytica_daily' retrieved from /opt/airflow/dags/arrivalytica_daily.py
[2026-08-19T00:40:27.201+0000] {logging_mixin.py:190} INFO - [2026-08-19T00:40:27.201+0000] {dag.py:3239} INFO - Sync 1 DAGs
[2026-08-19T00:40:27.215+0000] {logging_mixin.py:190} INFO - [2026-08-19T00:40:27.214+0000] {dag.py:4180} INFO - Setting next_dagrun for arrivalytica_daily to 2026-08-18 15:00:00+00:00, run_after=2026-08-19 15:00:00+00:00
[2026-08-19T00:40:27.223+0000] {processor.py:208} INFO - Processing /opt/airflow/dags/arrivalytica_daily.py took 0.064 seconds
[2026-08-19T00:40:57.479+0000] {processor.py:186} INFO - Started process (PID=705) to work on /opt/airflow/dags/arrivalytica_daily.py
[2026-08-19T00:40:57.480+0000] {processor.py:914} INFO - Processing file /opt/airflow/dags/arrivalytica_daily.py for tasks to queue
[2026-08-19T00:40:57.482+0000] {logging_mixin.py:190} INFO - [2026-08-19T00:40:57.481+0000] {dagbag.py:588} INFO - Filling up the DagBag from /opt/airflow/dags/arrivalytica_daily.py
[2026-08-19T00:40:57.492+0000] {processor.py:925} INFO - DAG(s) 'arrivalytica_daily' retrieved from /opt/airflow/dags/arrivalytica_daily.py
[2026-08-19T00:40:57.515+0000] {logging_mixin.py:190} INFO - [2026-08-19T00:40:57.515+0000] {dag.py:3239} INFO - Sync 1 DAGs
[2026-08-19T00:40:57.530+0000] {logging_mixin.py:190} INFO - [2026-08-19T00:40:57.530+0000] {dag.py:4180} INFO - Setting next_dagrun for arrivalytica_daily to 2026-08-18 15:00:00+00:00, run_after=2026-08-19 15:00:00+00:00
[2026-08-19T00:40:57.539+0000] {processor.py:208} INFO - Processing /opt/airflow/dags/arrivalytica_daily.py took 0.066 seconds
[2026-08-19T00:41:27.861+0000] {processor.py:186} INFO - Started process (PID=710) to work on /opt/airflow/dags/arrivalytica_daily.py
[2026-08-19T00:41:27.862+0000] {processor.py:914} INFO - Processing file /opt/airflow/dags/arrivalytica_daily.py for tasks to queue
[2026-08-19T00:41:27.865+0000] {logging_mixin.py:190} INFO - [2026-08-19T00:41:27.865+0000] {dagbag.py:588} INFO - Filling up the DagBag from /opt/airflow/dags/arrivalytica_daily.py
[2026-08-19T00:41:27.876+0000] {processor.py:925} INFO - DAG(s) 'arrivalytica_daily' retrieved from /opt/airflow/dags/arrivalytica_daily.py
[2026-08-19T00:41:27.901+0000] {logging_mixin.py:190} INFO - [2026-08-19T00:41:27.901+0000] {dag.py:3239} INFO - Sync 1 DAGs
[2026-08-19T00:41:27.916+0000] {logging_mixin.py:190} INFO - [2026-08-19T00:41:27.916+0000] {dag.py:4180} INFO - Setting next_dagrun for arrivalytica_daily to 2026-08-18 15:00:00+00:00, run_after=2026-08-19 15:00:00+00:00
[2026-08-19T00:41:27.926+0000] {processor.py:208} INFO - Processing /opt/airflow/dags/arrivalytica_daily.py took 0.073 seconds
[2026-08-19T00:41:58.173+0000] {processor.py:186} INFO - Started process (PID=715) to work on /opt/airflow/dags/arrivalytica_daily.py
[2026-08-19T00:41:58.173+0000] {processor.py:914} INFO - Processing file /opt/airflow/dags/arrivalytica_daily.py for tasks to queue
[2026-08-19T00:41:58.180+0000] {logging_mixin.py:190} INFO - [2026-08-19T00:41:58.180+0000] {dagbag.py:588} INFO - Filling up the DagBag from /opt/airflow/dags/arrivalytica_daily.py
[2026-08-19T00:41:58.193+0000] {processor.py:925} INFO - DAG(s) 'arrivalytica_daily' retrieved from /opt/airflow/dags/arrivalytica_daily.py
[2026-08-19T00:41:58.216+0000] {logging_mixin.py:190} INFO - [2026-08-19T00:41:58.215+0000] {dag.py:3239} INFO - Sync 1 DAGs
[2026-08-19T00:41:58.231+0000] {logging_mixin.py:190} INFO - [2026-08-19T00:41:58.231+0000] {dag.py:4180} INFO - Setting next_dagrun for arrivalytica_daily to 2026-08-18 15:00:00+00:00, run_after=2026-08-19 15:00:00+00:00
[2026-08-19T00:41:58.240+0000] {processor.py:208} INFO - Processing /opt/airflow/dags/arrivalytica_daily.py took 0.073 seconds
[2026-08-19T00:42:28.512+0000] {processor.py:186} INFO - Started process (PID=720) to work on /opt/airflow/dags/arrivalytica_daily.py
[2026-08-19T00:42:28.513+0000] {processor.py:914} INFO - Processing file /opt/airflow/dags/arrivalytica_daily.py for tasks to queue
[2026-08-19T00:42:28.515+0000] {logging_mixin.py:190} INFO - [2026-08-19T00:42:28.515+0000] {dagbag.py:588} INFO - Filling up the DagBag from /opt/airflow/dags/arrivalytica_daily.py
[2026-08-19T00:42:28.524+0000] {processor.py:925} INFO - DAG(s) 'arrivalytica_daily' retrieved from /opt/airflow/dags/arrivalytica_daily.py
[2026-08-19T00:42:28.547+0000] {logging_mixin.py:190} INFO - [2026-08-19T00:42:28.546+0000] {dag.py:3239} INFO - Sync 1 DAGs
[2026-08-19T00:42:28.560+0000] {logging_mixin.py:190} INFO - [2026-08-19T00:42:28.560+0000] {dag.py:4180} INFO - Setting next_dagrun for arrivalytica_daily to 2026-08-18 15:00:00+00:00, run_after=2026-08-19 15:00:00+00:00
[2026-08-19T00:42:28.568+0000] {processor.py:208} INFO - Processing /opt/airflow/dags/arrivalytica_daily.py took 0.063 seconds
[2026-08-19T00:42:58.851+0000] {processor.py:186} INFO - Started process (PID=725) to work on /opt/airflow/dags/arrivalytica_daily.py
[2026-08-19T00:42:58.852+0000] {processor.py:914} INFO - Processing file /opt/airflow/dags/arrivalytica_daily.py for tasks to queue
[2026-08-19T00:42:58.854+0000] {logging_mixin.py:190} INFO - [2026-08-19T00:42:58.854+0000] {dagbag.py:588} INFO - Filling up the DagBag from /opt/airflow/dags/arrivalytica_daily.py
[2026-08-19T00:42:58.867+0000] {processor.py:925} INFO - DAG(s) 'arrivalytica_daily' retrieved from /opt/airflow/dags/arrivalytica_daily.py
[2026-08-19T00:42:58.891+0000] {logging_mixin.py:190} INFO - [2026-08-19T00:42:58.891+0000] {dag.py:3239} INFO - Sync 1 DAGs
[2026-08-19T00:42:58.905+0000] {logging_mixin.py:190} INFO - [2026-08-19T00:42:58.905+0000] {dag.py:4180} INFO - Setting next_dagrun for arrivalytica_daily to 2026-08-18 15:00:00+00:00, run_after=2026-08-19 15:00:00+00:00
[2026-08-19T00:42:58.914+0000] {processor.py:208} INFO - Processing /opt/airflow/dags/arrivalytica_daily.py took 0.070 seconds
[2026-08-19T00:43:29.175+0000] {processor.py:186} INFO - Started process (PID=730) to work on /opt/airflow/dags/arrivalytica_daily.py
[2026-08-19T00:43:29.176+0000] {processor.py:914} INFO - Processing file /opt/airflow/dags/arrivalytica_daily.py for tasks to queue
[2026-08-19T00:43:29.179+0000] {logging_mixin.py:190} INFO - [2026-08-19T00:43:29.178+0000] {dagbag.py:588} INFO - Filling up the DagBag from /opt/airflow/dags/arrivalytica_daily.py
[2026-08-19T00:43:29.192+0000] {processor.py:925} INFO - DAG(s) 'arrivalytica_daily' retrieved from /opt/airflow/dags/arrivalytica_daily.py
[2026-08-19T00:43:29.217+0000] {logging_mixin.py:190} INFO - [2026-08-19T00:43:29.217+0000] {dag.py:3239} INFO - Sync 1 DAGs
[2026-08-19T00:43:29.231+0000] {logging_mixin.py:190} INFO - [2026-08-19T00:43:29.231+0000] {dag.py:4180} INFO - Setting next_dagrun for arrivalytica_daily to 2026-08-18 15:00:00+00:00, run_after=2026-08-19 15:00:00+00:00
[2026-08-19T00:43:29.241+0000] {processor.py:208} INFO - Processing /opt/airflow/dags/arrivalytica_daily.py took 0.075 seconds
[2026-08-19T00:43:59.589+0000] {processor.py:186} INFO - Started process (PID=735) to work on /opt/airflow/dags/arrivalytica_daily.py
[2026-08-19T00:43:59.590+0000] {processor.py:914} INFO - Processing file /opt/airflow/dags/arrivalytica_daily.py for tasks to queue
[2026-08-19T00:43:59.595+0000] {logging_mixin.py:190} INFO - [2026-08-19T00:43:59.594+0000] {dagbag.py:588} INFO - Filling up the DagBag from /opt/airflow/dags/arrivalytica_daily.py
[2026-08-19T00:43:59.614+0000] {processor.py:925} INFO - DAG(s) 'arrivalytica_daily' retrieved from /opt/airflow/dags/arrivalytica_daily.py
[2026-08-19T00:43:59.644+0000] {logging_mixin.py:190} INFO - [2026-08-19T00:43:59.644+0000] {dag.py:3239} INFO - Sync 1 DAGs
[2026-08-19T00:43:59.662+0000] {logging_mixin.py:190} INFO - [2026-08-19T00:43:59.662+0000] {dag.py:4180} INFO - Setting next_dagrun for arrivalytica_daily to 2026-08-18 15:00:00+00:00, run_after=2026-08-19 15:00:00+00:00
[2026-08-19T00:43:59.674+0000] {processor.py:208} INFO - Processing /opt/airflow/dags/arrivalytica_daily.py took 0.097 seconds
[2026-08-19T00:44:29.967+0000] {processor.py:186} INFO - Started process (PID=740) to work on /opt/airflow/dags/arrivalytica_daily.py
[2026-08-19T00:44:29.969+0000] {processor.py:914} INFO - Processing file /opt/airflow/dags/arrivalytica_daily.py for tasks to queue
[2026-08-19T00:44:29.975+0000] {logging_mixin.py:190} INFO - [2026-08-19T00:44:29.975+0000] {dagbag.py:588} INFO - Filling up the DagBag from /opt/airflow/dags/arrivalytica_daily.py
[2026-08-19T00:44:29.994+0000] {processor.py:925} INFO - DAG(s) 'arrivalytica_daily' retrieved from /opt/airflow/dags/arrivalytica_daily.py
[2026-08-19T00:44:30.020+0000] {logging_mixin.py:190} INFO - [2026-08-19T00:44:30.020+0000] {dag.py:3239} INFO - Sync 1 DAGs
[2026-08-19T00:44:30.036+0000] {logging_mixin.py:190} INFO - [2026-08-19T00:44:30.035+0000] {dag.py:4180} INFO - Setting next_dagrun for arrivalytica_daily to 2026-08-18 15:00:00+00:00, run_after=2026-08-19 15:00:00+00:00
[2026-08-19T00:44:30.045+0000] {processor.py:208} INFO - Processing /opt/airflow/dags/arrivalytica_daily.py took 0.086 seconds
[2026-08-19T00:45:00.318+0000] {processor.py:186} INFO - Started process (PID=745) to work on /opt/airflow/dags/arrivalytica_daily.py
[2026-08-19T00:45:00.319+0000] {processor.py:914} INFO - Processing file /opt/airflow/dags/arrivalytica_daily.py for tasks to queue
[2026-08-19T00:45:00.320+0000] {logging_mixin.py:190} INFO - [2026-08-19T00:45:00.320+0000] {dagbag.py:588} INFO - Filling up the DagBag from /opt/airflow/dags/arrivalytica_daily.py
[2026-08-19T00:45:00.326+0000] {processor.py:925} INFO - DAG(s) 'arrivalytica_daily' retrieved from /opt/airflow/dags/arrivalytica_daily.py
[2026-08-19T00:45:00.341+0000] {logging_mixin.py:190} INFO - [2026-08-19T00:45:00.341+0000] {dag.py:3239} INFO - Sync 1 DAGs
[2026-08-19T00:45:00.352+0000] {logging_mixin.py:190} INFO - [2026-08-19T00:45:00.352+0000] {dag.py:4180} INFO - Setting next_dagrun for arrivalytica_daily to 2026-08-18 15:00:00+00:00, run_after=2026-08-19 15:00:00+00:00
[2026-08-19T00:45:00.359+0000] {processor.py:208} INFO - Processing /opt/airflow/dags/arrivalytica_daily.py took 0.044 seconds
[2026-08-19T00:45:30.595+0000] {processor.py:186} INFO - Started process (PID=750) to work on /opt/airflow/dags/arrivalytica_daily.py
[2026-08-19T00:45:30.595+0000] {processor.py:914} INFO - Processing file /opt/airflow/dags/arrivalytica_daily.py for tasks to queue
[2026-08-19T00:45:30.597+0000] {logging_mixin.py:190} INFO - [2026-08-19T00:45:30.597+0000] {dagbag.py:588} INFO - Filling up the DagBag from /opt/airflow/dags/arrivalytica_daily.py
[2026-08-19T00:45:30.604+0000] {processor.py:925} INFO - DAG(s) 'arrivalytica_daily' retrieved from /opt/airflow/dags/arrivalytica_daily.py
[2026-08-19T00:45:30.620+0000] {logging_mixin.py:190} INFO - [2026-08-19T00:45:30.620+0000] {dag.py:3239} INFO - Sync 1 DAGs
[2026-08-19T00:45:30.632+0000] {logging_mixin.py:190} INFO - [2026-08-19T00:45:30.632+0000] {dag.py:4180} INFO - Setting next_dagrun for arrivalytica_daily to 2026-08-18 15:00:00+00:00, run_after=2026-08-19 15:00:00+00:00
[2026-08-19T00:45:30.639+0000] {processor.py:208} INFO - Processing /opt/airflow/dags/arrivalytica_daily.py took 0.050 seconds
[2026-08-19T00:46:00.894+0000] {processor.py:186} INFO - Started process (PID=755) to work on /opt/airflow/dags/arrivalytica_daily.py
[2026-08-19T00:46:00.897+0000] {processor.py:914} INFO - Processing file /opt/airflow/dags/arrivalytica_daily.py for tasks to queue
[2026-08-19T00:46:00.899+0000] {logging_mixin.py:190} INFO - [2026-08-19T00:46:00.899+0000] {dagbag.py:588} INFO - Filling up the DagBag from /opt/airflow/dags/arrivalytica_daily.py
[2026-08-19T00:46:00.909+0000] {processor.py:925} INFO - DAG(s) 'arrivalytica_daily' retrieved from /opt/airflow/dags/arrivalytica_daily.py
[2026-08-19T00:46:00.932+0000] {logging_mixin.py:190} INFO - [2026-08-19T00:46:00.932+0000] {dag.py:3239} INFO - Sync 1 DAGs
[2026-08-19T00:46:00.948+0000] {logging_mixin.py:190} INFO - [2026-08-19T00:46:00.948+0000] {dag.py:4180} INFO - Setting next_dagrun for arrivalytica_daily to 2026-08-18 15:00:00+00:00, run_after=2026-08-19 15:00:00+00:00
[2026-08-19T00:46:00.958+0000] {processor.py:208} INFO - Processing /opt/airflow/dags/arrivalytica_daily.py took 0.069 seconds
[2026-08-19T00:46:31.309+0000] {processor.py:186} INFO - Started process (PID=760) to work on /opt/airflow/dags/arrivalytica_daily.py
[2026-08-19T00:46:31.310+0000] {processor.py:914} INFO - Processing file /opt/airflow/dags/arrivalytica_daily.py for tasks to queue
[2026-08-19T00:46:31.315+0000] {logging_mixin.py:190} INFO - [2026-08-19T00:46:31.314+0000] {dagbag.py:588} INFO - Filling up the DagBag from /opt/airflow/dags/arrivalytica_daily.py
[2026-08-19T00:46:31.338+0000] {processor.py:925} INFO - DAG(s) 'arrivalytica_daily' retrieved from /opt/airflow/dags/arrivalytica_daily.py
[2026-08-19T00:46:31.371+0000] {logging_mixin.py:190} INFO - [2026-08-19T00:46:31.371+0000] {dag.py:3239} INFO - Sync 1 DAGs
[2026-08-19T00:46:31.388+0000] {logging_mixin.py:190} INFO - [2026-08-19T00:46:31.388+0000] {dag.py:4180} INFO - Setting next_dagrun for arrivalytica_daily to 2026-08-18 15:00:00+00:00, run_after=2026-08-19 15:00:00+00:00
[2026-08-19T00:46:31.399+0000] {processor.py:208} INFO - Processing /opt/airflow/dags/arrivalytica_daily.py took 0.105 seconds
[2026-08-19T00:47:01.636+0000] {processor.py:186} INFO - Started process (PID=765) to work on /opt/airflow/dags/arrivalytica_daily.py
[2026-08-19T00:47:01.637+0000] {processor.py:914} INFO - Processing file /opt/airflow/dags/arrivalytica_daily.py for tasks to queue
[2026-08-19T00:47:01.639+0000] {logging_mixin.py:190} INFO - [2026-08-19T00:47:01.638+0000] {dagbag.py:588} INFO - Filling up the DagBag from /opt/airflow/dags/arrivalytica_daily.py
[2026-08-19T00:47:01.645+0000] {processor.py:925} INFO - DAG(s) 'arrivalytica_daily' retrieved from /opt/airflow/dags/arrivalytica_daily.py
[2026-08-19T00:47:01.661+0000] {logging_mixin.py:190} INFO - [2026-08-19T00:47:01.661+0000] {dag.py:3239} INFO - Sync 1 DAGs
[2026-08-19T00:47:01.675+0000] {logging_mixin.py:190} INFO - [2026-08-19T00:47:01.674+0000] {dag.py:4180} INFO - Setting next_dagrun for arrivalytica_daily to 2026-08-18 15:00:00+00:00, run_after=2026-08-19 15:00:00+00:00
[2026-08-19T00:47:01.683+0000] {processor.py:208} INFO - Processing /opt/airflow/dags/arrivalytica_daily.py took 0.050 seconds
[2026-08-19T00:47:31.980+0000] {processor.py:186} INFO - Started process (PID=770) to work on /opt/airflow/dags/arrivalytica_daily.py
[2026-08-19T00:47:31.981+0000] {processor.py:914} INFO - Processing file /opt/airflow/dags/arrivalytica_daily.py for tasks to queue
[2026-08-19T00:47:31.983+0000] {logging_mixin.py:190} INFO - [2026-08-19T00:47:31.982+0000] {dagbag.py:588} INFO - Filling up the DagBag from /opt/airflow/dags/arrivalytica_daily.py
[2026-08-19T00:47:31.992+0000] {processor.py:925} INFO - DAG(s) 'arrivalytica_daily' retrieved from /opt/airflow/dags/arrivalytica_daily.py
[2026-08-19T00:47:32.015+0000] {logging_mixin.py:190} INFO - [2026-08-19T00:47:32.015+0000] {dag.py:3239} INFO - Sync 1 DAGs
[2026-08-19T00:47:32.028+0000] {logging_mixin.py:190} INFO - [2026-08-19T00:47:32.028+0000] {dag.py:4180} INFO - Setting next_dagrun for arrivalytica_daily to 2026-08-18 15:00:00+00:00, run_after=2026-08-19 15:00:00+00:00
[2026-08-19T00:47:32.037+0000] {processor.py:208} INFO - Processing /opt/airflow/dags/arrivalytica_daily.py took 0.063 seconds
[2026-08-19T00:48:02.323+0000] {processor.py:186} INFO - Started process (PID=775) to work on /opt/airflow/dags/arrivalytica_daily.py
[2026-08-19T00:48:02.323+0000] {processor.py:914} INFO - Processing file /opt/airflow/dags/arrivalytica_daily.py for tasks to queue
[2026-08-19T00:48:02.325+0000] {logging_mixin.py:190} INFO - [2026-08-19T00:48:02.325+0000] {dagbag.py:588} INFO - Filling up the DagBag from /opt/airflow/dags/arrivalytica_daily.py
[2026-08-19T00:48:02.335+0000] {processor.py:925} INFO - DAG(s) 'arrivalytica_daily' retrieved from /opt/airflow/dags/arrivalytica_daily.py
[2026-08-19T00:48:02.358+0000] {logging_mixin.py:190} INFO - [2026-08-19T00:48:02.358+0000] {dag.py:3239} INFO - Sync 1 DAGs
[2026-08-19T00:48:02.373+0000] {logging_mixin.py:190} INFO - [2026-08-19T00:48:02.373+0000] {dag.py:4180} INFO - Setting next_dagrun for arrivalytica_daily to 2026-08-18 15:00:00+00:00, run_after=2026-08-19 15:00:00+00:00
[2026-08-19T00:48:02.383+0000] {processor.py:208} INFO - Processing /opt/airflow/dags/arrivalytica_daily.py took 0.067 seconds
[2026-08-19T00:48:32.601+0000] {processor.py:186} INFO - Started process (PID=780) to work on /opt/airflow/dags/arrivalytica_daily.py
[2026-08-19T00:48:32.601+0000] {processor.py:914} INFO - Processing file /opt/airflow/dags/arrivalytica_daily.py for tasks to queue
[2026-08-19T00:48:32.604+0000] {logging_mixin.py:190} INFO - [2026-08-19T00:48:32.604+0000] {dagbag.py:588} INFO - Filling up the DagBag from /opt/airflow/dags/arrivalytica_daily.py
[2026-08-19T00:48:32.618+0000] {processor.py:925} INFO - DAG(s) 'arrivalytica_daily' retrieved from /opt/airflow/dags/arrivalytica_daily.py
[2026-08-19T00:48:32.650+0000] {logging_mixin.py:190} INFO - [2026-08-19T00:48:32.650+0000] {dag.py:3239} INFO - Sync 1 DAGs
[2026-08-19T00:48:32.670+0000] {logging_mixin.py:190} INFO - [2026-08-19T00:48:32.670+0000] {dag.py:4180} INFO - Setting next_dagrun for arrivalytica_daily to 2026-08-18 15:00:00+00:00, run_after=2026-08-19 15:00:00+00:00
[2026-08-19T00:48:32.679+0000] {processor.py:208} INFO - Processing /opt/airflow/dags/arrivalytica_daily.py took 0.087 seconds
[2026-08-19T00:49:02.993+0000] {processor.py:186} INFO - Started process (PID=785) to work on /opt/airflow/dags/arrivalytica_daily.py
[2026-08-19T00:49:02.994+0000] {processor.py:914} INFO - Processing file /opt/airflow/dags/arrivalytica_daily.py for tasks to queue
[2026-08-19T00:49:02.996+0000] {logging_mixin.py:190} INFO - [2026-08-19T00:49:02.996+0000] {dagbag.py:588} INFO - Filling up the DagBag from /opt/airflow/dags/arrivalytica_daily.py
[2026-08-19T00:49:03.006+0000] {processor.py:925} INFO - DAG(s) 'arrivalytica_daily' retrieved from /opt/airflow/dags/arrivalytica_daily.py
[2026-08-19T00:49:03.028+0000] {logging_mixin.py:190} INFO - [2026-08-19T00:49:03.028+0000] {dag.py:3239} INFO - Sync 1 DAGs
[2026-08-19T00:49:03.041+0000] {logging_mixin.py:190} INFO - [2026-08-19T00:49:03.041+0000] {dag.py:4180} INFO - Setting next_dagrun for arrivalytica_daily to 2026-08-18 15:00:00+00:00, run_after=2026-08-19 15:00:00+00:00
[2026-08-19T00:49:03.049+0000] {processor.py:208} INFO - Processing /opt/airflow/dags/arrivalytica_daily.py took 0.062 seconds
[2026-08-19T00:49:33.381+0000] {processor.py:186} INFO - Started process (PID=790) to work on /opt/airflow/dags/arrivalytica_daily.py
[2026-08-19T00:49:33.382+0000] {processor.py:914} INFO - Processing file /opt/airflow/dags/arrivalytica_daily.py for tasks to queue
[2026-08-19T00:49:33.386+0000] {logging_mixin.py:190} INFO - [2026-08-19T00:49:33.386+0000] {dagbag.py:588} INFO - Filling up the DagBag from /opt/airflow/dags/arrivalytica_daily.py
[2026-08-19T00:49:33.410+0000] {processor.py:925} INFO - DAG(s) 'arrivalytica_daily' retrieved from /opt/airflow/dags/arrivalytica_daily.py
[2026-08-19T00:49:33.455+0000] {logging_mixin.py:190} INFO - [2026-08-19T00:49:33.455+0000] {dag.py:3239} INFO - Sync 1 DAGs
[2026-08-19T00:49:33.474+0000] {logging_mixin.py:190} INFO - [2026-08-19T00:49:33.474+0000] {dag.py:4180} INFO - Setting next_dagrun for arrivalytica_daily to 2026-08-18 15:00:00+00:00, run_after=2026-08-19 15:00:00+00:00
[2026-08-19T00:49:33.488+0000] {processor.py:208} INFO - Processing /opt/airflow/dags/arrivalytica_daily.py took 0.122 seconds
[2026-08-19T00:50:03.724+0000] {processor.py:186} INFO - Started process (PID=795) to work on /opt/airflow/dags/arrivalytica_daily.py
[2026-08-19T00:50:03.725+0000] {processor.py:914} INFO - Processing file /opt/airflow/dags/arrivalytica_daily.py for tasks to queue
[2026-08-19T00:50:03.727+0000] {logging_mixin.py:190} INFO - [2026-08-19T00:50:03.727+0000] {dagbag.py:588} INFO - Filling up the DagBag from /opt/airflow/dags/arrivalytica_daily.py
[2026-08-19T00:50:03.737+0000] {processor.py:925} INFO - DAG(s) 'arrivalytica_daily' retrieved from /opt/airflow/dags/arrivalytica_daily.py
[2026-08-19T00:50:03.761+0000] {logging_mixin.py:190} INFO - [2026-08-19T00:50:03.761+0000] {dag.py:3239} INFO - Sync 1 DAGs
[2026-08-19T00:50:03.775+0000] {logging_mixin.py:190} INFO - [2026-08-19T00:50:03.775+0000] {dag.py:4180} INFO - Setting next_dagrun for arrivalytica_daily to 2026-08-18 15:00:00+00:00, run_after=2026-08-19 15:00:00+00:00
[2026-08-19T00:50:03.784+0000] {processor.py:208} INFO - Processing /opt/airflow/dags/arrivalytica_daily.py took 0.067 seconds
[2026-08-19T00:50:34.162+0000] {processor.py:186} INFO - Started process (PID=800) to work on /opt/airflow/dags/arrivalytica_daily.py
[2026-08-19T00:50:34.163+0000] {processor.py:914} INFO - Processing file /opt/airflow/dags/arrivalytica_daily.py for tasks to queue
[2026-08-19T00:50:34.165+0000] {logging_mixin.py:190} INFO - [2026-08-19T00:50:34.164+0000] {dagbag.py:588} INFO - Filling up the DagBag from /opt/airflow/dags/arrivalytica_daily.py
[2026-08-19T00:50:34.174+0000] {processor.py:925} INFO - DAG(s) 'arrivalytica_daily' retrieved from /opt/airflow/dags/arrivalytica_daily.py
[2026-08-19T00:50:34.196+0000] {logging_mixin.py:190} INFO - [2026-08-19T00:50:34.196+0000] {dag.py:3239} INFO - Sync 1 DAGs
[2026-08-19T00:50:34.210+0000] {logging_mixin.py:190} INFO - [2026-08-19T00:50:34.210+0000] {dag.py:4180} INFO - Setting next_dagrun for arrivalytica_daily to 2026-08-18 15:00:00+00:00, run_after=2026-08-19 15:00:00+00:00
[2026-08-19T00:50:34.218+0000] {processor.py:208} INFO - Processing /opt/airflow/dags/arrivalytica_daily.py took 0.063 seconds
[2026-08-19T00:51:04.543+0000] {processor.py:186} INFO - Started process (PID=805) to work on /opt/airflow/dags/arrivalytica_daily.py
[2026-08-19T00:51:04.543+0000] {processor.py:914} INFO - Processing file /opt/airflow/dags/arrivalytica_daily.py for tasks to queue
[2026-08-19T00:51:04.545+0000] {logging_mixin.py:190} INFO - [2026-08-19T00:51:04.545+0000] {dagbag.py:588} INFO - Filling up the DagBag from /opt/airflow/dags/arrivalytica_daily.py
[2026-08-19T00:51:04.554+0000] {processor.py:925} INFO - DAG(s) 'arrivalytica_daily' retrieved from /opt/airflow/dags/arrivalytica_daily.py
[2026-08-19T00:51:04.573+0000] {logging_mixin.py:190} INFO - [2026-08-19T00:51:04.573+0000] {dag.py:3239} INFO - Sync 1 DAGs
[2026-08-19T00:51:04.586+0000] {logging_mixin.py:190} INFO - [2026-08-19T00:51:04.586+0000] {dag.py:4180} INFO - Setting next_dagrun for arrivalytica_daily to 2026-08-18 15:00:00+00:00, run_after=2026-08-19 15:00:00+00:00
[2026-08-19T00:51:04.594+0000] {processor.py:208} INFO - Processing /opt/airflow/dags/arrivalytica_daily.py took 0.056 seconds
[2026-08-19T00:51:34.897+0000] {processor.py:186} INFO - Started process (PID=810) to work on /opt/airflow/dags/arrivalytica_daily.py
[2026-08-19T00:51:34.897+0000] {processor.py:914} INFO - Processing file /opt/airflow/dags/arrivalytica_daily.py for tasks to queue
[2026-08-19T00:51:34.901+0000] {logging_mixin.py:190} INFO - [2026-08-19T00:51:34.900+0000] {dagbag.py:588} INFO - Filling up the DagBag from /opt/airflow/dags/arrivalytica_daily.py
[2026-08-19T00:51:34.916+0000] {processor.py:925} INFO - DAG(s) 'arrivalytica_daily' retrieved from /opt/airflow/dags/arrivalytica_daily.py
[2026-08-19T00:51:34.940+0000] {logging_mixin.py:190} INFO - [2026-08-19T00:51:34.940+0000] {dag.py:3239} INFO - Sync 1 DAGs
[2026-08-19T00:51:34.955+0000] {logging_mixin.py:190} INFO - [2026-08-19T00:51:34.955+0000] {dag.py:4180} INFO - Setting next_dagrun for arrivalytica_daily to 2026-08-18 15:00:00+00:00, run_after=2026-08-19 15:00:00+00:00
[2026-08-19T00:51:34.965+0000] {processor.py:208} INFO - Processing /opt/airflow/dags/arrivalytica_daily.py took 0.077 seconds
[2026-08-19T00:52:05.142+0000] {processor.py:186} INFO - Started process (PID=815) to work on /opt/airflow/dags/arrivalytica_daily.py
[2026-08-19T00:52:05.142+0000] {processor.py:914} INFO - Processing file /opt/airflow/dags/arrivalytica_daily.py for tasks to queue
[2026-08-19T00:52:05.144+0000] {logging_mixin.py:190} INFO - [2026-08-19T00:52:05.143+0000] {dagbag.py:588} INFO - Filling up the DagBag from /opt/airflow/dags/arrivalytica_daily.py
[2026-08-19T00:52:05.149+0000] {processor.py:925} INFO - DAG(s) 'arrivalytica_daily' retrieved from /opt/airflow/dags/arrivalytica_daily.py
[2026-08-19T00:52:05.164+0000] {logging_mixin.py:190} INFO - [2026-08-19T00:52:05.164+0000] {dag.py:3239} INFO - Sync 1 DAGs
[2026-08-19T00:52:05.176+0000] {logging_mixin.py:190} INFO - [2026-08-19T00:52:05.175+0000] {dag.py:4180} INFO - Setting next_dagrun for arrivalytica_daily to 2026-08-18 15:00:00+00:00, run_after=2026-08-19 15:00:00+00:00
[2026-08-19T00:52:05.185+0000] {processor.py:208} INFO - Processing /opt/airflow/dags/arrivalytica_daily.py took 0.046 seconds
[2026-08-19T00:52:35.441+0000] {processor.py:186} INFO - Started process (PID=820) to work on /opt/airflow/dags/arrivalytica_daily.py
[2026-08-19T00:52:35.442+0000] {processor.py:914} INFO - Processing file /opt/airflow/dags/arrivalytica_daily.py for tasks to queue
[2026-08-19T00:52:35.444+0000] {logging_mixin.py:190} INFO - [2026-08-19T00:52:35.444+0000] {dagbag.py:588} INFO - Filling up the DagBag from /opt/airflow/dags/arrivalytica_daily.py
[2026-08-19T00:52:35.454+0000] {processor.py:925} INFO - DAG(s) 'arrivalytica_daily' retrieved from /opt/airflow/dags/arrivalytica_daily.py
[2026-08-19T00:52:35.476+0000] {logging_mixin.py:190} INFO - [2026-08-19T00:52:35.476+0000] {dag.py:3239} INFO - Sync 1 DAGs
[2026-08-19T00:52:35.490+0000] {logging_mixin.py:190} INFO - [2026-08-19T00:52:35.490+0000] {dag.py:4180} INFO - Setting next_dagrun for arrivalytica_daily to 2026-08-18 15:00:00+00:00, run_after=2026-08-19 15:00:00+00:00
[2026-08-19T00:52:35.499+0000] {processor.py:208} INFO - Processing /opt/airflow/dags/arrivalytica_daily.py took 0.063 seconds
[2026-08-19T00:53:05.750+0000] {processor.py:186} INFO - Started process (PID=825) to work on /opt/airflow/dags/arrivalytica_daily.py
[2026-08-19T00:53:05.751+0000] {processor.py:914} INFO - Processing file /opt/airflow/dags/arrivalytica_daily.py for tasks to queue
[2026-08-19T00:53:05.753+0000] {logging_mixin.py:190} INFO - [2026-08-19T00:53:05.752+0000] {dagbag.py:588} INFO - Filling up the DagBag from /opt/airflow/dags/arrivalytica_daily.py
[2026-08-19T00:53:05.763+0000] {processor.py:925} INFO - DAG(s) 'arrivalytica_daily' retrieved from /opt/airflow/dags/arrivalytica_daily.py
[2026-08-19T00:53:05.784+0000] {logging_mixin.py:190} INFO - [2026-08-19T00:53:05.784+0000] {dag.py:3239} INFO - Sync 1 DAGs
[2026-08-19T00:53:05.798+0000] {logging_mixin.py:190} INFO - [2026-08-19T00:53:05.798+0000] {dag.py:4180} INFO - Setting next_dagrun for arrivalytica_daily to 2026-08-18 15:00:00+00:00, run_after=2026-08-19 15:00:00+00:00
[2026-08-19T00:53:05.806+0000] {processor.py:208} INFO - Processing /opt/airflow/dags/arrivalytica_daily.py took 0.063 seconds
[2026-08-19T00:53:36.062+0000] {processor.py:186} INFO - Started process (PID=830) to work on /opt/airflow/dags/arrivalytica_daily.py
[2026-08-19T00:53:36.063+0000] {processor.py:914} INFO - Processing file /opt/airflow/dags/arrivalytica_daily.py for tasks to queue
[2026-08-19T00:53:36.070+0000] {logging_mixin.py:190} INFO - [2026-08-19T00:53:36.069+0000] {dagbag.py:588} INFO - Filling up the DagBag from /opt/airflow/dags/arrivalytica_daily.py
[2026-08-19T00:53:36.086+0000] {processor.py:925} INFO - DAG(s) 'arrivalytica_daily' retrieved from /opt/airflow/dags/arrivalytica_daily.py
[2026-08-19T00:53:36.115+0000] {logging_mixin.py:190} INFO - [2026-08-19T00:53:36.115+0000] {dag.py:3239} INFO - Sync 1 DAGs
[2026-08-19T00:53:36.132+0000] {logging_mixin.py:190} INFO - [2026-08-19T00:53:36.132+0000] {dag.py:4180} INFO - Setting next_dagrun for arrivalytica_daily to 2026-08-18 15:00:00+00:00, run_after=2026-08-19 15:00:00+00:00
[2026-08-19T00:53:36.144+0000] {processor.py:208} INFO - Processing /opt/airflow/dags/arrivalytica_daily.py took 0.093 seconds
[2026-08-19T00:54:06.390+0000] {processor.py:186} INFO - Started process (PID=835) to work on /opt/airflow/dags/arrivalytica_daily.py
[2026-08-19T00:54:06.392+0000] {processor.py:914} INFO - Processing file /opt/airflow/dags/arrivalytica_daily.py for tasks to queue
[2026-08-19T00:54:06.396+0000] {logging_mixin.py:190} INFO - [2026-08-19T00:54:06.396+0000] {dagbag.py:588} INFO - Filling up the DagBag from /opt/airflow/dags/arrivalytica_daily.py
[2026-08-19T00:54:06.412+0000] {processor.py:925} INFO - DAG(s) 'arrivalytica_daily' retrieved from /opt/airflow/dags/arrivalytica_daily.py
[2026-08-19T00:54:06.438+0000] {logging_mixin.py:190} INFO - [2026-08-19T00:54:06.438+0000] {dag.py:3239} INFO - Sync 1 DAGs
[2026-08-19T00:54:06.453+0000] {logging_mixin.py:190} INFO - [2026-08-19T00:54:06.453+0000] {dag.py:4180} INFO - Setting next_dagrun for arrivalytica_daily to 2026-08-18 15:00:00+00:00, run_after=2026-08-19 15:00:00+00:00
[2026-08-19T00:54:06.462+0000] {processor.py:208} INFO - Processing /opt/airflow/dags/arrivalytica_daily.py took 0.084 seconds
[2026-08-19T00:54:36.651+0000] {processor.py:186} INFO - Started process (PID=840) to work on /opt/airflow/dags/arrivalytica_daily.py
[2026-08-19T00:54:36.652+0000] {processor.py:914} INFO - Processing file /opt/airflow/dags/arrivalytica_daily.py for tasks to queue
[2026-08-19T00:54:36.654+0000] {logging_mixin.py:190} INFO - [2026-08-19T00:54:36.654+0000] {dagbag.py:588} INFO - Filling up the DagBag from /opt/airflow/dags/arrivalytica_daily.py
[2026-08-19T00:54:36.663+0000] {processor.py:925} INFO - DAG(s) 'arrivalytica_daily' retrieved from /opt/airflow/dags/arrivalytica_daily.py
[2026-08-19T00:54:36.684+0000] {logging_mixin.py:190} INFO - [2026-08-19T00:54:36.684+0000] {dag.py:3239} INFO - Sync 1 DAGs
[2026-08-19T00:54:36.697+0000] {logging_mixin.py:190} INFO - [2026-08-19T00:54:36.697+0000] {dag.py:4180} INFO - Setting next_dagrun for arrivalytica_daily to 2026-08-18 15:00:00+00:00, run_after=2026-08-19 15:00:00+00:00
[2026-08-19T00:54:36.706+0000] {processor.py:208} INFO - Processing /opt/airflow/dags/arrivalytica_daily.py took 0.061 seconds
[2026-08-19T00:55:06.904+0000] {processor.py:186} INFO - Started process (PID=845) to work on /opt/airflow/dags/arrivalytica_daily.py
[2026-08-19T00:55:06.905+0000] {processor.py:914} INFO - Processing file /opt/airflow/dags/arrivalytica_daily.py for tasks to queue
[2026-08-19T00:55:06.907+0000] {logging_mixin.py:190} INFO - [2026-08-19T00:55:06.907+0000] {dagbag.py:588} INFO - Filling up the DagBag from /opt/airflow/dags/arrivalytica_daily.py
[2026-08-19T00:55:06.919+0000] {processor.py:925} INFO - DAG(s) 'arrivalytica_daily' retrieved from /opt/airflow/dags/arrivalytica_daily.py
[2026-08-19T00:55:06.941+0000] {logging_mixin.py:190} INFO - [2026-08-19T00:55:06.940+0000] {dag.py:3239} INFO - Sync 1 DAGs
[2026-08-19T00:55:06.955+0000] {logging_mixin.py:190} INFO - [2026-08-19T00:55:06.955+0000] {dag.py:4180} INFO - Setting next_dagrun for arrivalytica_daily to 2026-08-18 15:00:00+00:00, run_after=2026-08-19 15:00:00+00:00
[2026-08-19T00:55:06.964+0000] {processor.py:208} INFO - Processing /opt/airflow/dags/arrivalytica_daily.py took 0.065 seconds
[2026-08-19T00:55:37.187+0000] {processor.py:186} INFO - Started process (PID=850) to work on /opt/airflow/dags/arrivalytica_daily.py
[2026-08-19T00:55:37.188+0000] {processor.py:914} INFO - Processing file /opt/airflow/dags/arrivalytica_daily.py for tasks to queue
[2026-08-19T00:55:37.189+0000] {logging_mixin.py:190} INFO - [2026-08-19T00:55:37.189+0000] {dagbag.py:588} INFO - Filling up the DagBag from /opt/airflow/dags/arrivalytica_daily.py
[2026-08-19T00:55:37.198+0000] {processor.py:925} INFO - DAG(s) 'arrivalytica_daily' retrieved from /opt/airflow/dags/arrivalytica_daily.py
[2026-08-19T00:55:37.218+0000] {logging_mixin.py:190} INFO - [2026-08-19T00:55:37.218+0000] {dag.py:3239} INFO - Sync 1 DAGs
[2026-08-19T00:55:37.232+0000] {logging_mixin.py:190} INFO - [2026-08-19T00:55:37.231+0000] {dag.py:4180} INFO - Setting next_dagrun for arrivalytica_daily to 2026-08-18 15:00:00+00:00, run_after=2026-08-19 15:00:00+00:00
[2026-08-19T00:55:37.240+0000] {processor.py:208} INFO - Processing /opt/airflow/dags/arrivalytica_daily.py took 0.058 seconds
[2026-08-19T00:56:07.561+0000] {processor.py:186} INFO - Started process (PID=855) to work on /opt/airflow/dags/arrivalytica_daily.py
[2026-08-19T00:56:07.562+0000] {processor.py:914} INFO - Processing file /opt/airflow/dags/arrivalytica_daily.py for tasks to queue
[2026-08-19T00:56:07.566+0000] {logging_mixin.py:190} INFO - [2026-08-19T00:56:07.565+0000] {dagbag.py:588} INFO - Filling up the DagBag from /opt/airflow/dags/arrivalytica_daily.py
[2026-08-19T00:56:07.583+0000] {processor.py:925} INFO - DAG(s) 'arrivalytica_daily' retrieved from /opt/airflow/dags/arrivalytica_daily.py
[2026-08-19T00:56:07.613+0000] {logging_mixin.py:190} INFO - [2026-08-19T00:56:07.613+0000] {dag.py:3239} INFO - Sync 1 DAGs
[2026-08-19T00:56:07.629+0000] {logging_mixin.py:190} INFO - [2026-08-19T00:56:07.629+0000] {dag.py:4180} INFO - Setting next_dagrun for arrivalytica_daily to 2026-08-18 15:00:00+00:00, run_after=2026-08-19 15:00:00+00:00
[2026-08-19T00:56:07.638+0000] {processor.py:208} INFO - Processing /opt/airflow/dags/arrivalytica_daily.py took 0.089 seconds
[2026-08-19T00:56:37.874+0000] {processor.py:186} INFO - Started process (PID=860) to work on /opt/airflow/dags/arrivalytica_daily.py
[2026-08-19T00:56:37.875+0000] {processor.py:914} INFO - Processing file /opt/airflow/dags/arrivalytica_daily.py for tasks to queue
[2026-08-19T00:56:37.877+0000] {logging_mixin.py:190} INFO - [2026-08-19T00:56:37.877+0000] {dagbag.py:588} INFO - Filling up the DagBag from /opt/airflow/dags/arrivalytica_daily.py
[2026-08-19T00:56:37.889+0000] {processor.py:925} INFO - DAG(s) 'arrivalytica_daily' retrieved from /opt/airflow/dags/arrivalytica_daily.py
[2026-08-19T00:56:37.913+0000] {logging_mixin.py:190} INFO - [2026-08-19T00:56:37.913+0000] {dag.py:3239} INFO - Sync 1 DAGs
[2026-08-19T00:56:37.928+0000] {logging_mixin.py:190} INFO - [2026-08-19T00:56:37.928+0000] {dag.py:4180} INFO - Setting next_dagrun for arrivalytica_daily to 2026-08-18 15:00:00+00:00, run_after=2026-08-19 15:00:00+00:00
[2026-08-19T00:56:37.937+0000] {processor.py:208} INFO - Processing /opt/airflow/dags/arrivalytica_daily.py took 0.070 seconds
[2026-08-19T00:57:08.216+0000] {processor.py:186} INFO - Started process (PID=865) to work on /opt/airflow/dags/arrivalytica_daily.py
[2026-08-19T00:57:08.217+0000] {processor.py:914} INFO - Processing file /opt/airflow/dags/arrivalytica_daily.py for tasks to queue
[2026-08-19T00:57:08.219+0000] {logging_mixin.py:190} INFO - [2026-08-19T00:57:08.219+0000] {dagbag.py:588} INFO - Filling up the DagBag from /opt/airflow/dags/arrivalytica_daily.py
[2026-08-19T00:57:08.229+0000] {processor.py:925} INFO - DAG(s) 'arrivalytica_daily' retrieved from /opt/airflow/dags/arrivalytica_daily.py
[2026-08-19T00:57:08.254+0000] {logging_mixin.py:190} INFO - [2026-08-19T00:57:08.254+0000] {dag.py:3239} INFO - Sync 1 DAGs
[2026-08-19T00:57:08.270+0000] {logging_mixin.py:190} INFO - [2026-08-19T00:57:08.270+0000] {dag.py:4180} INFO - Setting next_dagrun for arrivalytica_daily to 2026-08-18 15:00:00+00:00, run_after=2026-08-19 15:00:00+00:00
[2026-08-19T00:57:08.280+0000] {processor.py:208} INFO - Processing /opt/airflow/dags/arrivalytica_daily.py took 0.070 seconds
[2026-08-19T00:57:38.539+0000] {processor.py:186} INFO - Started process (PID=870) to work on /opt/airflow/dags/arrivalytica_daily.py
[2026-08-19T00:57:38.540+0000] {processor.py:914} INFO - Processing file /opt/airflow/dags/arrivalytica_daily.py for tasks to queue
[2026-08-19T00:57:38.542+0000] {logging_mixin.py:190} INFO - [2026-08-19T00:57:38.542+0000] {dagbag.py:588} INFO - Filling up the DagBag from /opt/airflow/dags/arrivalytica_daily.py
[2026-08-19T00:57:38.553+0000] {processor.py:925} INFO - DAG(s) 'arrivalytica_daily' retrieved from /opt/airflow/dags/arrivalytica_daily.py
[2026-08-19T00:57:38.576+0000] {logging_mixin.py:190} INFO - [2026-08-19T00:57:38.576+0000] {dag.py:3239} INFO - Sync 1 DAGs
[2026-08-19T00:57:38.590+0000] {logging_mixin.py:190} INFO - [2026-08-19T00:57:38.590+0000] {dag.py:4180} INFO - Setting next_dagrun for arrivalytica_daily to 2026-08-18 15:00:00+00:00, run_after=2026-08-19 15:00:00+00:00
[2026-08-19T00:57:38.598+0000] {processor.py:208} INFO - Processing /opt/airflow/dags/arrivalytica_daily.py took 0.066 seconds
[2026-08-19T00:58:08.863+0000] {processor.py:186} INFO - Started process (PID=875) to work on /opt/airflow/dags/arrivalytica_daily.py
[2026-08-19T00:58:08.864+0000] {processor.py:914} INFO - Processing file /opt/airflow/dags/arrivalytica_daily.py for tasks to queue
[2026-08-19T00:58:08.868+0000] {logging_mixin.py:190} INFO - [2026-08-19T00:58:08.867+0000] {dagbag.py:588} INFO - Filling up the DagBag from /opt/airflow/dags/arrivalytica_daily.py
[2026-08-19T00:58:08.878+0000] {processor.py:925} INFO - DAG(s) 'arrivalytica_daily' retrieved from /opt/airflow/dags/arrivalytica_daily.py
[2026-08-19T00:58:08.901+0000] {logging_mixin.py:190} INFO - [2026-08-19T00:58:08.901+0000] {dag.py:3239} INFO - Sync 1 DAGs
[2026-08-19T00:58:08.917+0000] {logging_mixin.py:190} INFO - [2026-08-19T00:58:08.916+0000] {dag.py:4180} INFO - Setting next_dagrun for arrivalytica_daily to 2026-08-18 15:00:00+00:00, run_after=2026-08-19 15:00:00+00:00
[2026-08-19T00:58:08.925+0000] {processor.py:208} INFO - Processing /opt/airflow/dags/arrivalytica_daily.py took 0.069 seconds
[2026-08-19T00:58:39.193+0000] {processor.py:186} INFO - Started process (PID=880) to work on /opt/airflow/dags/arrivalytica_daily.py
[2026-08-19T00:58:39.195+0000] {processor.py:914} INFO - Processing file /opt/airflow/dags/arrivalytica_daily.py for tasks to queue
[2026-08-19T00:58:39.199+0000] {logging_mixin.py:190} INFO - [2026-08-19T00:58:39.198+0000] {dagbag.py:588} INFO - Filling up the DagBag from /opt/airflow/dags/arrivalytica_daily.py
[2026-08-19T00:58:39.214+0000] {processor.py:925} INFO - DAG(s) 'arrivalytica_daily' retrieved from /opt/airflow/dags/arrivalytica_daily.py
[2026-08-19T00:58:39.240+0000] {logging_mixin.py:190} INFO - [2026-08-19T00:58:39.240+0000] {dag.py:3239} INFO - Sync 1 DAGs
[2026-08-19T00:58:39.255+0000] {logging_mixin.py:190} INFO - [2026-08-19T00:58:39.255+0000] {dag.py:4180} INFO - Setting next_dagrun for arrivalytica_daily to 2026-08-18 15:00:00+00:00, run_after=2026-08-19 15:00:00+00:00
[2026-08-19T00:58:39.264+0000] {processor.py:208} INFO - Processing /opt/airflow/dags/arrivalytica_daily.py took 0.082 seconds
[2026-08-19T00:59:09.549+0000] {processor.py:186} INFO - Started process (PID=885) to work on /opt/airflow/dags/arrivalytica_daily.py
[2026-08-19T00:59:09.550+0000] {processor.py:914} INFO - Processing file /opt/airflow/dags/arrivalytica_daily.py for tasks to queue
[2026-08-19T00:59:09.555+0000] {logging_mixin.py:190} INFO - [2026-08-19T00:59:09.554+0000] {dagbag.py:588} INFO - Filling up the DagBag from /opt/airflow/dags/arrivalytica_daily.py
[2026-08-19T00:59:09.573+0000] {processor.py:925} INFO - DAG(s) 'arrivalytica_daily' retrieved from /opt/airflow/dags/arrivalytica_daily.py
[2026-08-19T00:59:09.597+0000] {logging_mixin.py:190} INFO - [2026-08-19T00:59:09.596+0000] {dag.py:3239} INFO - Sync 1 DAGs
[2026-08-19T00:59:09.609+0000] {logging_mixin.py:190} INFO - [2026-08-19T00:59:09.609+0000] {dag.py:4180} INFO - Setting next_dagrun for arrivalytica_daily to 2026-08-18 15:00:00+00:00, run_after=2026-08-19 15:00:00+00:00
[2026-08-19T00:59:09.618+0000] {processor.py:208} INFO - Processing /opt/airflow/dags/arrivalytica_daily.py took 0.080 seconds
[2026-08-19T00:59:39.885+0000] {processor.py:186} INFO - Started process (PID=890) to work on /opt/airflow/dags/arrivalytica_daily.py
[2026-08-19T00:59:39.886+0000] {processor.py:914} INFO - Processing file /opt/airflow/dags/arrivalytica_daily.py for tasks to queue
[2026-08-19T00:59:39.888+0000] {logging_mixin.py:190} INFO - [2026-08-19T00:59:39.888+0000] {dagbag.py:588} INFO - Filling up the DagBag from /opt/airflow/dags/arrivalytica_daily.py
[2026-08-19T00:59:39.898+0000] {processor.py:925} INFO - DAG(s) 'arrivalytica_daily' retrieved from /opt/airflow/dags/arrivalytica_daily.py
[2026-08-19T00:59:39.920+0000] {logging_mixin.py:190} INFO - [2026-08-19T00:59:39.920+0000] {dag.py:3239} INFO - Sync 1 DAGs
[2026-08-19T00:59:39.934+0000] {logging_mixin.py:190} INFO - [2026-08-19T00:59:39.934+0000] {dag.py:4180} INFO - Setting next_dagrun for arrivalytica_daily to 2026-08-18 15:00:00+00:00, run_after=2026-08-19 15:00:00+00:00
[2026-08-19T00:59:39.943+0000] {processor.py:208} INFO - Processing /opt/airflow/dags/arrivalytica_daily.py took 0.067 seconds
[2026-08-19T01:00:10.188+0000] {processor.py:186} INFO - Started process (PID=895) to work on /opt/airflow/dags/arrivalytica_daily.py
[2026-08-19T01:00:10.189+0000] {processor.py:914} INFO - Processing file /opt/airflow/dags/arrivalytica_daily.py for tasks to queue
[2026-08-19T01:00:10.191+0000] {logging_mixin.py:190} INFO - [2026-08-19T01:00:10.190+0000] {dagbag.py:588} INFO - Filling up the DagBag from /opt/airflow/dags/arrivalytica_daily.py
[2026-08-19T01:00:10.201+0000] {processor.py:925} INFO - DAG(s) 'arrivalytica_daily' retrieved from /opt/airflow/dags/arrivalytica_daily.py
[2026-08-19T01:00:10.223+0000] {logging_mixin.py:190} INFO - [2026-08-19T01:00:10.223+0000] {dag.py:3239} INFO - Sync 1 DAGs
[2026-08-19T01:00:10.239+0000] {logging_mixin.py:190} INFO - [2026-08-19T01:00:10.239+0000] {dag.py:4180} INFO - Setting next_dagrun for arrivalytica_daily to 2026-08-18 15:00:00+00:00, run_after=2026-08-19 15:00:00+00:00
[2026-08-19T01:00:10.248+0000] {processor.py:208} INFO - Processing /opt/airflow/dags/arrivalytica_daily.py took 0.067 seconds
[2026-08-19T01:00:40.542+0000] {processor.py:186} INFO - Started process (PID=900) to work on /opt/airflow/dags/arrivalytica_daily.py
[2026-08-19T01:00:40.543+0000] {processor.py:914} INFO - Processing file /opt/airflow/dags/arrivalytica_daily.py for tasks to queue
[2026-08-19T01:00:40.546+0000] {logging_mixin.py:190} INFO - [2026-08-19T01:00:40.545+0000] {dagbag.py:588} INFO - Filling up the DagBag from /opt/airflow/dags/arrivalytica_daily.py
[2026-08-19T01:00:40.558+0000] {processor.py:925} INFO - DAG(s) 'arrivalytica_daily' retrieved from /opt/airflow/dags/arrivalytica_daily.py
[2026-08-19T01:00:40.580+0000] {logging_mixin.py:190} INFO - [2026-08-19T01:00:40.580+0000] {dag.py:3239} INFO - Sync 1 DAGs
[2026-08-19T01:00:40.597+0000] {logging_mixin.py:190} INFO - [2026-08-19T01:00:40.597+0000] {dag.py:4180} INFO - Setting next_dagrun for arrivalytica_daily to 2026-08-18 15:00:00+00:00, run_after=2026-08-19 15:00:00+00:00
[2026-08-19T01:00:40.609+0000] {processor.py:208} INFO - Processing /opt/airflow/dags/arrivalytica_daily.py took 0.074 seconds
[2026-08-19T01:01:10.873+0000] {processor.py:186} INFO - Started process (PID=905) to work on /opt/airflow/dags/arrivalytica_daily.py
[2026-08-19T01:01:10.873+0000] {processor.py:914} INFO - Processing file /opt/airflow/dags/arrivalytica_daily.py for tasks to queue
[2026-08-19T01:01:10.875+0000] {logging_mixin.py:190} INFO - [2026-08-19T01:01:10.875+0000] {dagbag.py:588} INFO - Filling up the DagBag from /opt/airflow/dags/arrivalytica_daily.py
[2026-08-19T01:01:10.885+0000] {processor.py:925} INFO - DAG(s) 'arrivalytica_daily' retrieved from /opt/airflow/dags/arrivalytica_daily.py
[2026-08-19T01:01:10.901+0000] {logging_mixin.py:190} INFO - [2026-08-19T01:01:10.901+0000] {dag.py:3239} INFO - Sync 1 DAGs
[2026-08-19T01:01:10.913+0000] {logging_mixin.py:190} INFO - [2026-08-19T01:01:10.913+0000] {dag.py:4180} INFO - Setting next_dagrun for arrivalytica_daily to 2026-08-18 15:00:00+00:00, run_after=2026-08-19 15:00:00+00:00
[2026-08-19T01:01:10.921+0000] {processor.py:208} INFO - Processing /opt/airflow/dags/arrivalytica_daily.py took 0.053 seconds
[2026-08-19T01:01:41.256+0000] {processor.py:186} INFO - Started process (PID=910) to work on /opt/airflow/dags/arrivalytica_daily.py
[2026-08-19T01:01:41.257+0000] {processor.py:914} INFO - Processing file /opt/airflow/dags/arrivalytica_daily.py for tasks to queue
[2026-08-19T01:01:41.261+0000] {logging_mixin.py:190} INFO - [2026-08-19T01:01:41.260+0000] {dagbag.py:588} INFO - Filling up the DagBag from /opt/airflow/dags/arrivalytica_daily.py
[2026-08-19T01:01:41.279+0000] {processor.py:925} INFO - DAG(s) 'arrivalytica_daily' retrieved from /opt/airflow/dags/arrivalytica_daily.py
[2026-08-19T01:01:41.309+0000] {logging_mixin.py:190} INFO - [2026-08-19T01:01:41.308+0000] {dag.py:3239} INFO - Sync 1 DAGs
[2026-08-19T01:01:41.325+0000] {logging_mixin.py:190} INFO - [2026-08-19T01:01:41.325+0000] {dag.py:4180} INFO - Setting next_dagrun for arrivalytica_daily to 2026-08-18 15:00:00+00:00, run_after=2026-08-19 15:00:00+00:00
[2026-08-19T01:01:41.335+0000] {processor.py:208} INFO - Processing /opt/airflow/dags/arrivalytica_daily.py took 0.090 seconds
[2026-08-19T01:02:11.592+0000] {processor.py:186} INFO - Started process (PID=915) to work on /opt/airflow/dags/arrivalytica_daily.py
[2026-08-19T01:02:11.593+0000] {processor.py:914} INFO - Processing file /opt/airflow/dags/arrivalytica_daily.py for tasks to queue
[2026-08-19T01:02:11.596+0000] {logging_mixin.py:190} INFO - [2026-08-19T01:02:11.595+0000] {dagbag.py:588} INFO - Filling up the DagBag from /opt/airflow/dags/arrivalytica_daily.py
[2026-08-19T01:02:11.608+0000] {processor.py:925} INFO - DAG(s) 'arrivalytica_daily' retrieved from /opt/airflow/dags/arrivalytica_daily.py
[2026-08-19T01:02:11.638+0000] {logging_mixin.py:190} INFO - [2026-08-19T01:02:11.637+0000] {dag.py:3239} INFO - Sync 1 DAGs
[2026-08-19T01:02:11.659+0000] {logging_mixin.py:190} INFO - [2026-08-19T01:02:11.659+0000] {dag.py:4180} INFO - Setting next_dagrun for arrivalytica_daily to 2026-08-18 15:00:00+00:00, run_after=2026-08-19 15:00:00+00:00
[2026-08-19T01:02:11.673+0000] {processor.py:208} INFO - Processing /opt/airflow/dags/arrivalytica_daily.py took 0.089 seconds
[2026-08-19T01:02:41.921+0000] {processor.py:186} INFO - Started process (PID=920) to work on /opt/airflow/dags/arrivalytica_daily.py
[2026-08-19T01:02:41.922+0000] {processor.py:914} INFO - Processing file /opt/airflow/dags/arrivalytica_daily.py for tasks to queue
[2026-08-19T01:02:41.926+0000] {logging_mixin.py:190} INFO - [2026-08-19T01:02:41.925+0000] {dagbag.py:588} INFO - Filling up the DagBag from /opt/airflow/dags/arrivalytica_daily.py
[2026-08-19T01:02:41.943+0000] {processor.py:925} INFO - DAG(s) 'arrivalytica_daily' retrieved from /opt/airflow/dags/arrivalytica_daily.py
[2026-08-19T01:02:41.966+0000] {logging_mixin.py:190} INFO - [2026-08-19T01:02:41.966+0000] {dag.py:3239} INFO - Sync 1 DAGs
[2026-08-19T01:02:41.979+0000] {logging_mixin.py:190} INFO - [2026-08-19T01:02:41.979+0000] {dag.py:4180} INFO - Setting next_dagrun for arrivalytica_daily to 2026-08-18 15:00:00+00:00, run_after=2026-08-19 15:00:00+00:00
[2026-08-19T01:02:41.987+0000] {processor.py:208} INFO - Processing /opt/airflow/dags/arrivalytica_daily.py took 0.076 seconds
[2026-08-19T01:03:12.278+0000] {processor.py:186} INFO - Started process (PID=925) to work on /opt/airflow/dags/arrivalytica_daily.py
[2026-08-19T01:03:12.279+0000] {processor.py:914} INFO - Processing file /opt/airflow/dags/arrivalytica_daily.py for tasks to queue
[2026-08-19T01:03:12.281+0000] {logging_mixin.py:190} INFO - [2026-08-19T01:03:12.281+0000] {dagbag.py:588} INFO - Filling up the DagBag from /opt/airflow/dags/arrivalytica_daily.py
[2026-08-19T01:03:12.291+0000] {processor.py:925} INFO - DAG(s) 'arrivalytica_daily' retrieved from /opt/airflow/dags/arrivalytica_daily.py
[2026-08-19T01:03:12.314+0000] {logging_mixin.py:190} INFO - [2026-08-19T01:03:12.314+0000] {dag.py:3239} INFO - Sync 1 DAGs
[2026-08-19T01:03:12.328+0000] {logging_mixin.py:190} INFO - [2026-08-19T01:03:12.328+0000] {dag.py:4180} INFO - Setting next_dagrun for arrivalytica_daily to 2026-08-18 15:00:00+00:00, run_after=2026-08-19 15:00:00+00:00
[2026-08-19T01:03:12.337+0000] {processor.py:208} INFO - Processing /opt/airflow/dags/arrivalytica_daily.py took 0.065 seconds
[2026-08-19T01:03:42.549+0000] {processor.py:186} INFO - Started process (PID=930) to work on /opt/airflow/dags/arrivalytica_daily.py
[2026-08-19T01:03:42.550+0000] {processor.py:914} INFO - Processing file /opt/airflow/dags/arrivalytica_daily.py for tasks to queue
[2026-08-19T01:03:42.550+0000] {logging_mixin.py:190} INFO - [2026-08-19T01:03:42.550+0000] {dagbag.py:588} INFO - Filling up the DagBag from /opt/airflow/dags/arrivalytica_daily.py
[2026-08-19T01:03:42.555+0000] {processor.py:925} INFO - DAG(s) 'arrivalytica_daily' retrieved from /opt/airflow/dags/arrivalytica_daily.py
[2026-08-19T01:03:42.570+0000] {logging_mixin.py:190} INFO - [2026-08-19T01:03:42.570+0000] {dag.py:3239} INFO - Sync 1 DAGs
[2026-08-19T01:03:42.581+0000] {logging_mixin.py:190} INFO - [2026-08-19T01:03:42.581+0000] {dag.py:4180} INFO - Setting next_dagrun for arrivalytica_daily to 2026-08-18 15:00:00+00:00, run_after=2026-08-19 15:00:00+00:00
[2026-08-19T01:03:42.593+0000] {processor.py:208} INFO - Processing /opt/airflow/dags/arrivalytica_daily.py took 0.046 seconds
[2026-08-19T01:04:12.919+0000] {processor.py:186} INFO - Started process (PID=935) to work on /opt/airflow/dags/arrivalytica_daily.py
[2026-08-19T01:04:12.920+0000] {processor.py:914} INFO - Processing file /opt/airflow/dags/arrivalytica_daily.py for tasks to queue
[2026-08-19T01:04:12.922+0000] {logging_mixin.py:190} INFO - [2026-08-19T01:04:12.922+0000] {dagbag.py:588} INFO - Filling up the DagBag from /opt/airflow/dags/arrivalytica_daily.py
[2026-08-19T01:04:12.934+0000] {processor.py:925} INFO - DAG(s) 'arrivalytica_daily' retrieved from /opt/airflow/dags/arrivalytica_daily.py
[2026-08-19T01:04:12.955+0000] {logging_mixin.py:190} INFO - [2026-08-19T01:04:12.955+0000] {dag.py:3239} INFO - Sync 1 DAGs
[2026-08-19T01:04:12.969+0000] {logging_mixin.py:190} INFO - [2026-08-19T01:04:12.969+0000] {dag.py:4180} INFO - Setting next_dagrun for arrivalytica_daily to 2026-08-18 15:00:00+00:00, run_after=2026-08-19 15:00:00+00:00
[2026-08-19T01:04:12.978+0000] {processor.py:208} INFO - Processing /opt/airflow/dags/arrivalytica_daily.py took 0.065 seconds
[2026-08-19T01:04:43.266+0000] {processor.py:186} INFO - Started process (PID=940) to work on /opt/airflow/dags/arrivalytica_daily.py
[2026-08-19T01:04:43.266+0000] {processor.py:914} INFO - Processing file /opt/airflow/dags/arrivalytica_daily.py for tasks to queue
[2026-08-19T01:04:43.269+0000] {logging_mixin.py:190} INFO - [2026-08-19T01:04:43.268+0000] {dagbag.py:588} INFO - Filling up the DagBag from /opt/airflow/dags/arrivalytica_daily.py
[2026-08-19T01:04:43.278+0000] {processor.py:925} INFO - DAG(s) 'arrivalytica_daily' retrieved from /opt/airflow/dags/arrivalytica_daily.py
[2026-08-19T01:04:43.301+0000] {logging_mixin.py:190} INFO - [2026-08-19T01:04:43.301+0000] {dag.py:3239} INFO - Sync 1 DAGs
[2026-08-19T01:04:43.314+0000] {logging_mixin.py:190} INFO - [2026-08-19T01:04:43.314+0000] {dag.py:4180} INFO - Setting next_dagrun for arrivalytica_daily to 2026-08-18 15:00:00+00:00, run_after=2026-08-19 15:00:00+00:00
[2026-08-19T01:04:43.323+0000] {processor.py:208} INFO - Processing /opt/airflow/dags/arrivalytica_daily.py took 0.065 seconds
[2026-08-19T01:05:13.590+0000] {processor.py:186} INFO - Started process (PID=945) to work on /opt/airflow/dags/arrivalytica_daily.py
[2026-08-19T01:05:13.591+0000] {processor.py:914} INFO - Processing file /opt/airflow/dags/arrivalytica_daily.py for tasks to queue
[2026-08-19T01:05:13.593+0000] {logging_mixin.py:190} INFO - [2026-08-19T01:05:13.593+0000] {dagbag.py:588} INFO - Filling up the DagBag from /opt/airflow/dags/arrivalytica_daily.py
[2026-08-19T01:05:13.603+0000] {processor.py:925} INFO - DAG(s) 'arrivalytica_daily' retrieved from /opt/airflow/dags/arrivalytica_daily.py
[2026-08-19T01:05:13.626+0000] {logging_mixin.py:190} INFO - [2026-08-19T01:05:13.626+0000] {dag.py:3239} INFO - Sync 1 DAGs
[2026-08-19T01:05:13.641+0000] {logging_mixin.py:190} INFO - [2026-08-19T01:05:13.641+0000] {dag.py:4180} INFO - Setting next_dagrun for arrivalytica_daily to 2026-08-18 15:00:00+00:00, run_after=2026-08-19 15:00:00+00:00
[2026-08-19T01:05:13.651+0000] {processor.py:208} INFO - Processing /opt/airflow/dags/arrivalytica_daily.py took 0.067 seconds
[2026-08-19T01:05:43.906+0000] {processor.py:186} INFO - Started process (PID=950) to work on /opt/airflow/dags/arrivalytica_daily.py
[2026-08-19T01:05:43.908+0000] {processor.py:914} INFO - Processing file /opt/airflow/dags/arrivalytica_daily.py for tasks to queue
[2026-08-19T01:05:43.911+0000] {logging_mixin.py:190} INFO - [2026-08-19T01:05:43.910+0000] {dagbag.py:588} INFO - Filling up the DagBag from /opt/airflow/dags/arrivalytica_daily.py
[2026-08-19T01:05:43.921+0000] {processor.py:925} INFO - DAG(s) 'arrivalytica_daily' retrieved from /opt/airflow/dags/arrivalytica_daily.py
[2026-08-19T01:05:43.948+0000] {logging_mixin.py:190} INFO - [2026-08-19T01:05:43.948+0000] {dag.py:3239} INFO - Sync 1 DAGs
[2026-08-19T01:05:43.963+0000] {logging_mixin.py:190} INFO - [2026-08-19T01:05:43.963+0000] {dag.py:4180} INFO - Setting next_dagrun for arrivalytica_daily to 2026-08-18 15:00:00+00:00, run_after=2026-08-19 15:00:00+00:00
[2026-08-19T01:05:43.972+0000] {processor.py:208} INFO - Processing /opt/airflow/dags/arrivalytica_daily.py took 0.072 seconds
[2026-08-19T01:06:14.216+0000] {processor.py:186} INFO - Started process (PID=955) to work on /opt/airflow/dags/arrivalytica_daily.py
[2026-08-19T01:06:14.217+0000] {processor.py:914} INFO - Processing file /opt/airflow/dags/arrivalytica_daily.py for tasks to queue
[2026-08-19T01:06:14.221+0000] {logging_mixin.py:190} INFO - [2026-08-19T01:06:14.221+0000] {dagbag.py:588} INFO - Filling up the DagBag from /opt/airflow/dags/arrivalytica_daily.py
[2026-08-19T01:06:14.231+0000] {processor.py:925} INFO - DAG(s) 'arrivalytica_daily' retrieved from /opt/airflow/dags/arrivalytica_daily.py
[2026-08-19T01:06:14.251+0000] {logging_mixin.py:190} INFO - [2026-08-19T01:06:14.251+0000] {dag.py:3239} INFO - Sync 1 DAGs
[2026-08-19T01:06:14.265+0000] {logging_mixin.py:190} INFO - [2026-08-19T01:06:14.265+0000] {dag.py:4180} INFO - Setting next_dagrun for arrivalytica_daily to 2026-08-18 15:00:00+00:00, run_after=2026-08-19 15:00:00+00:00
[2026-08-19T01:06:14.274+0000] {processor.py:208} INFO - Processing /opt/airflow/dags/arrivalytica_daily.py took 0.069 seconds
[2026-08-19T01:06:44.493+0000] {processor.py:186} INFO - Started process (PID=960) to work on /opt/airflow/dags/arrivalytica_daily.py
[2026-08-19T01:06:44.494+0000] {processor.py:914} INFO - Processing file /opt/airflow/dags/arrivalytica_daily.py for tasks to queue
[2026-08-19T01:06:44.497+0000] {logging_mixin.py:190} INFO - [2026-08-19T01:06:44.496+0000] {dagbag.py:588} INFO - Filling up the DagBag from /opt/airflow/dags/arrivalytica_daily.py
[2026-08-19T01:06:44.512+0000] {processor.py:925} INFO - DAG(s) 'arrivalytica_daily' retrieved from /opt/airflow/dags/arrivalytica_daily.py
[2026-08-19T01:06:44.533+0000] {logging_mixin.py:190} INFO - [2026-08-19T01:06:44.533+0000] {dag.py:3239} INFO - Sync 1 DAGs
[2026-08-19T01:06:44.546+0000] {logging_mixin.py:190} INFO - [2026-08-19T01:06:44.546+0000] {dag.py:4180} INFO - Setting next_dagrun for arrivalytica_daily to 2026-08-18 15:00:00+00:00, run_after=2026-08-19 15:00:00+00:00
[2026-08-19T01:06:44.554+0000] {processor.py:208} INFO - Processing /opt/airflow/dags/arrivalytica_daily.py took 0.067 seconds
[2026-08-19T01:07:14.773+0000] {processor.py:186} INFO - Started process (PID=965) to work on /opt/airflow/dags/arrivalytica_daily.py
[2026-08-19T01:07:14.774+0000] {processor.py:914} INFO - Processing file /opt/airflow/dags/arrivalytica_daily.py for tasks to queue
[2026-08-19T01:07:14.776+0000] {logging_mixin.py:190} INFO - [2026-08-19T01:07:14.776+0000] {dagbag.py:588} INFO - Filling up the DagBag from /opt/airflow/dags/arrivalytica_daily.py
[2026-08-19T01:07:14.786+0000] {processor.py:925} INFO - DAG(s) 'arrivalytica_daily' retrieved from /opt/airflow/dags/arrivalytica_daily.py
[2026-08-19T01:07:14.810+0000] {logging_mixin.py:190} INFO - [2026-08-19T01:07:14.810+0000] {dag.py:3239} INFO - Sync 1 DAGs
[2026-08-19T01:07:14.824+0000] {logging_mixin.py:190} INFO - [2026-08-19T01:07:14.823+0000] {dag.py:4180} INFO - Setting next_dagrun for arrivalytica_daily to 2026-08-18 15:00:00+00:00, run_after=2026-08-19 15:00:00+00:00
[2026-08-19T01:07:14.832+0000] {processor.py:208} INFO - Processing /opt/airflow/dags/arrivalytica_daily.py took 0.065 seconds
[2026-08-19T01:07:45.046+0000] {processor.py:186} INFO - Started process (PID=970) to work on /opt/airflow/dags/arrivalytica_daily.py
[2026-08-19T01:07:45.047+0000] {processor.py:914} INFO - Processing file /opt/airflow/dags/arrivalytica_daily.py for tasks to queue
[2026-08-19T01:07:45.051+0000] {logging_mixin.py:190} INFO - [2026-08-19T01:07:45.051+0000] {dagbag.py:588} INFO - Filling up the DagBag from /opt/airflow/dags/arrivalytica_daily.py
[2026-08-19T01:07:45.061+0000] {processor.py:925} INFO - DAG(s) 'arrivalytica_daily' retrieved from /opt/airflow/dags/arrivalytica_daily.py
[2026-08-19T01:07:45.084+0000] {logging_mixin.py:190} INFO - [2026-08-19T01:07:45.084+0000] {dag.py:3239} INFO - Sync 1 DAGs
[2026-08-19T01:07:45.098+0000] {logging_mixin.py:190} INFO - [2026-08-19T01:07:45.098+0000] {dag.py:4180} INFO - Setting next_dagrun for arrivalytica_daily to 2026-08-18 15:00:00+00:00, run_after=2026-08-19 15:00:00+00:00
[2026-08-19T01:07:45.107+0000] {processor.py:208} INFO - Processing /opt/airflow/dags/arrivalytica_daily.py took 0.069 seconds
[2026-08-19T01:08:15.337+0000] {processor.py:186} INFO - Started process (PID=975) to work on /opt/airflow/dags/arrivalytica_daily.py
[2026-08-19T01:08:15.338+0000] {processor.py:914} INFO - Processing file /opt/airflow/dags/arrivalytica_daily.py for tasks to queue
[2026-08-19T01:08:15.340+0000] {logging_mixin.py:190} INFO - [2026-08-19T01:08:15.340+0000] {dagbag.py:588} INFO - Filling up the DagBag from /opt/airflow/dags/arrivalytica_daily.py
[2026-08-19T01:08:15.350+0000] {processor.py:925} INFO - DAG(s) 'arrivalytica_daily' retrieved from /opt/airflow/dags/arrivalytica_daily.py
[2026-08-19T01:08:15.373+0000] {logging_mixin.py:190} INFO - [2026-08-19T01:08:15.372+0000] {dag.py:3239} INFO - Sync 1 DAGs
[2026-08-19T01:08:15.386+0000] {logging_mixin.py:190} INFO - [2026-08-19T01:08:15.386+0000] {dag.py:4180} INFO - Setting next_dagrun for arrivalytica_daily to 2026-08-18 15:00:00+00:00, run_after=2026-08-19 15:00:00+00:00
[2026-08-19T01:08:15.397+0000] {processor.py:208} INFO - Processing /opt/airflow/dags/arrivalytica_daily.py took 0.066 seconds
[2026-08-19T01:08:45.649+0000] {processor.py:186} INFO - Started process (PID=980) to work on /opt/airflow/dags/arrivalytica_daily.py
[2026-08-19T01:08:45.650+0000] {processor.py:914} INFO - Processing file /opt/airflow/dags/arrivalytica_daily.py for tasks to queue
[2026-08-19T01:08:45.653+0000] {logging_mixin.py:190} INFO - [2026-08-19T01:08:45.652+0000] {dagbag.py:588} INFO - Filling up the DagBag from /opt/airflow/dags/arrivalytica_daily.py
[2026-08-19T01:08:45.666+0000] {processor.py:925} INFO - DAG(s) 'arrivalytica_daily' retrieved from /opt/airflow/dags/arrivalytica_daily.py
[2026-08-19T01:08:45.693+0000] {logging_mixin.py:190} INFO - [2026-08-19T01:08:45.692+0000] {dag.py:3239} INFO - Sync 1 DAGs
[2026-08-19T01:08:45.707+0000] {logging_mixin.py:190} INFO - [2026-08-19T01:08:45.707+0000] {dag.py:4180} INFO - Setting next_dagrun for arrivalytica_daily to 2026-08-18 15:00:00+00:00, run_after=2026-08-19 15:00:00+00:00
[2026-08-19T01:08:45.716+0000] {processor.py:208} INFO - Processing /opt/airflow/dags/arrivalytica_daily.py took 0.075 seconds
[2026-08-19T01:09:15.899+0000] {processor.py:186} INFO - Started process (PID=985) to work on /opt/airflow/dags/arrivalytica_daily.py
[2026-08-19T01:09:15.900+0000] {processor.py:914} INFO - Processing file /opt/airflow/dags/arrivalytica_daily.py for tasks to queue
[2026-08-19T01:09:15.902+0000] {logging_mixin.py:190} INFO - [2026-08-19T01:09:15.902+0000] {dagbag.py:588} INFO - Filling up the DagBag from /opt/airflow/dags/arrivalytica_daily.py
[2026-08-19T01:09:15.911+0000] {processor.py:925} INFO - DAG(s) 'arrivalytica_daily' retrieved from /opt/airflow/dags/arrivalytica_daily.py
[2026-08-19T01:09:15.933+0000] {logging_mixin.py:190} INFO - [2026-08-19T01:09:15.932+0000] {dag.py:3239} INFO - Sync 1 DAGs
[2026-08-19T01:09:15.947+0000] {logging_mixin.py:190} INFO - [2026-08-19T01:09:15.947+0000] {dag.py:4180} INFO - Setting next_dagrun for arrivalytica_daily to 2026-08-18 15:00:00+00:00, run_after=2026-08-19 15:00:00+00:00
[2026-08-19T01:09:15.956+0000] {processor.py:208} INFO - Processing /opt/airflow/dags/arrivalytica_daily.py took 0.064 seconds
[2026-08-19T01:09:46.186+0000] {processor.py:186} INFO - Started process (PID=990) to work on /opt/airflow/dags/arrivalytica_daily.py
[2026-08-19T01:09:46.187+0000] {processor.py:914} INFO - Processing file /opt/airflow/dags/arrivalytica_daily.py for tasks to queue
[2026-08-19T01:09:46.189+0000] {logging_mixin.py:190} INFO - [2026-08-19T01:09:46.189+0000] {dagbag.py:588} INFO - Filling up the DagBag from /opt/airflow/dags/arrivalytica_daily.py
[2026-08-19T01:09:46.200+0000] {processor.py:925} INFO - DAG(s) 'arrivalytica_daily' retrieved from /opt/airflow/dags/arrivalytica_daily.py
[2026-08-19T01:09:46.225+0000] {logging_mixin.py:190} INFO - [2026-08-19T01:09:46.225+0000] {dag.py:3239} INFO - Sync 1 DAGs
[2026-08-19T01:09:46.241+0000] {logging_mixin.py:190} INFO - [2026-08-19T01:09:46.241+0000] {dag.py:4180} INFO - Setting next_dagrun for arrivalytica_daily to 2026-08-18 15:00:00+00:00, run_after=2026-08-19 15:00:00+00:00
[2026-08-19T01:09:46.250+0000] {processor.py:208} INFO - Processing /opt/airflow/dags/arrivalytica_daily.py took 0.071 seconds
[2026-08-19T01:10:16.505+0000] {processor.py:186} INFO - Started process (PID=995) to work on /opt/airflow/dags/arrivalytica_daily.py
[2026-08-19T01:10:16.506+0000] {processor.py:914} INFO - Processing file /opt/airflow/dags/arrivalytica_daily.py for tasks to queue
[2026-08-19T01:10:16.512+0000] {logging_mixin.py:190} INFO - [2026-08-19T01:10:16.511+0000] {dagbag.py:588} INFO - Filling up the DagBag from /opt/airflow/dags/arrivalytica_daily.py
[2026-08-19T01:10:16.532+0000] {processor.py:925} INFO - DAG(s) 'arrivalytica_daily' retrieved from /opt/airflow/dags/arrivalytica_daily.py
[2026-08-19T01:10:16.555+0000] {logging_mixin.py:190} INFO - [2026-08-19T01:10:16.555+0000] {dag.py:3239} INFO - Sync 1 DAGs
[2026-08-19T01:10:16.569+0000] {logging_mixin.py:190} INFO - [2026-08-19T01:10:16.569+0000] {dag.py:4180} INFO - Setting next_dagrun for arrivalytica_daily to 2026-08-18 15:00:00+00:00, run_after=2026-08-19 15:00:00+00:00
[2026-08-19T01:10:16.577+0000] {processor.py:208} INFO - Processing /opt/airflow/dags/arrivalytica_daily.py took 0.083 seconds
[2026-08-19T01:10:46.865+0000] {processor.py:186} INFO - Started process (PID=1000) to work on /opt/airflow/dags/arrivalytica_daily.py
[2026-08-19T01:10:46.866+0000] {processor.py:914} INFO - Processing file /opt/airflow/dags/arrivalytica_daily.py for tasks to queue
[2026-08-19T01:10:46.868+0000] {logging_mixin.py:190} INFO - [2026-08-19T01:10:46.868+0000] {dagbag.py:588} INFO - Filling up the DagBag from /opt/airflow/dags/arrivalytica_daily.py
[2026-08-19T01:10:46.881+0000] {processor.py:925} INFO - DAG(s) 'arrivalytica_daily' retrieved from /opt/airflow/dags/arrivalytica_daily.py
[2026-08-19T01:10:46.910+0000] {logging_mixin.py:190} INFO - [2026-08-19T01:10:46.910+0000] {dag.py:3239} INFO - Sync 1 DAGs
[2026-08-19T01:10:46.928+0000] {logging_mixin.py:190} INFO - [2026-08-19T01:10:46.927+0000] {dag.py:4180} INFO - Setting next_dagrun for arrivalytica_daily to 2026-08-18 15:00:00+00:00, run_after=2026-08-19 15:00:00+00:00
[2026-08-19T01:10:46.938+0000] {processor.py:208} INFO - Processing /opt/airflow/dags/arrivalytica_daily.py took 0.081 seconds
[2026-08-19T01:11:17.240+0000] {processor.py:186} INFO - Started process (PID=1005) to work on /opt/airflow/dags/arrivalytica_daily.py
[2026-08-19T01:11:17.241+0000] {processor.py:914} INFO - Processing file /opt/airflow/dags/arrivalytica_daily.py for tasks to queue
[2026-08-19T01:11:17.245+0000] {logging_mixin.py:190} INFO - [2026-08-19T01:11:17.245+0000] {dagbag.py:588} INFO - Filling up the DagBag from /opt/airflow/dags/arrivalytica_daily.py
[2026-08-19T01:11:17.261+0000] {processor.py:925} INFO - DAG(s) 'arrivalytica_daily' retrieved from /opt/airflow/dags/arrivalytica_daily.py
[2026-08-19T01:11:17.284+0000] {logging_mixin.py:190} INFO - [2026-08-19T01:11:17.283+0000] {dag.py:3239} INFO - Sync 1 DAGs
[2026-08-19T01:11:17.296+0000] {logging_mixin.py:190} INFO - [2026-08-19T01:11:17.296+0000] {dag.py:4180} INFO - Setting next_dagrun for arrivalytica_daily to 2026-08-18 15:00:00+00:00, run_after=2026-08-19 15:00:00+00:00
[2026-08-19T01:11:17.305+0000] {processor.py:208} INFO - Processing /opt/airflow/dags/arrivalytica_daily.py took 0.074 seconds
[2026-08-19T01:11:47.574+0000] {processor.py:186} INFO - Started process (PID=1010) to work on /opt/airflow/dags/arrivalytica_daily.py
[2026-08-19T01:11:47.575+0000] {processor.py:914} INFO - Processing file /opt/airflow/dags/arrivalytica_daily.py for tasks to queue
[2026-08-19T01:11:47.577+0000] {logging_mixin.py:190} INFO - [2026-08-19T01:11:47.577+0000] {dagbag.py:588} INFO - Filling up the DagBag from /opt/airflow/dags/arrivalytica_daily.py
[2026-08-19T01:11:47.587+0000] {processor.py:925} INFO - DAG(s) 'arrivalytica_daily' retrieved from /opt/airflow/dags/arrivalytica_daily.py
[2026-08-19T01:11:47.609+0000] {logging_mixin.py:190} INFO - [2026-08-19T01:11:47.609+0000] {dag.py:3239} INFO - Sync 1 DAGs
[2026-08-19T01:11:47.623+0000] {logging_mixin.py:190} INFO - [2026-08-19T01:11:47.623+0000] {dag.py:4180} INFO - Setting next_dagrun for arrivalytica_daily to 2026-08-18 15:00:00+00:00, run_after=2026-08-19 15:00:00+00:00
[2026-08-19T01:11:47.631+0000] {processor.py:208} INFO - Processing /opt/airflow/dags/arrivalytica_daily.py took 0.064 seconds
[2026-08-19T01:12:17.930+0000] {processor.py:186} INFO - Started process (PID=1015) to work on /opt/airflow/dags/arrivalytica_daily.py
[2026-08-19T01:12:17.931+0000] {processor.py:914} INFO - Processing file /opt/airflow/dags/arrivalytica_daily.py for tasks to queue
[2026-08-19T01:12:17.933+0000] {logging_mixin.py:190} INFO - [2026-08-19T01:12:17.933+0000] {dagbag.py:588} INFO - Filling up the DagBag from /opt/airflow/dags/arrivalytica_daily.py
[2026-08-19T01:12:17.942+0000] {processor.py:925} INFO - DAG(s) 'arrivalytica_daily' retrieved from /opt/airflow/dags/arrivalytica_daily.py
[2026-08-19T01:12:17.965+0000] {logging_mixin.py:190} INFO - [2026-08-19T01:12:17.965+0000] {dag.py:3239} INFO - Sync 1 DAGs
[2026-08-19T01:12:17.979+0000] {logging_mixin.py:190} INFO - [2026-08-19T01:12:17.979+0000] {dag.py:4180} INFO - Setting next_dagrun for arrivalytica_daily to 2026-08-18 15:00:00+00:00, run_after=2026-08-19 15:00:00+00:00
[2026-08-19T01:12:17.988+0000] {processor.py:208} INFO - Processing /opt/airflow/dags/arrivalytica_daily.py took 0.064 seconds
[2026-08-19T01:12:48.271+0000] {processor.py:186} INFO - Started process (PID=1020) to work on /opt/airflow/dags/arrivalytica_daily.py
[2026-08-19T01:12:48.272+0000] {processor.py:914} INFO - Processing file /opt/airflow/dags/arrivalytica_daily.py for tasks to queue
[2026-08-19T01:12:48.274+0000] {logging_mixin.py:190} INFO - [2026-08-19T01:12:48.274+0000] {dagbag.py:588} INFO - Filling up the DagBag from /opt/airflow/dags/arrivalytica_daily.py
[2026-08-19T01:12:48.285+0000] {processor.py:925} INFO - DAG(s) 'arrivalytica_daily' retrieved from /opt/airflow/dags/arrivalytica_daily.py
[2026-08-19T01:12:48.310+0000] {logging_mixin.py:190} INFO - [2026-08-19T01:12:48.309+0000] {dag.py:3239} INFO - Sync 1 DAGs
[2026-08-19T01:12:48.324+0000] {logging_mixin.py:190} INFO - [2026-08-19T01:12:48.323+0000] {dag.py:4180} INFO - Setting next_dagrun for arrivalytica_daily to 2026-08-18 15:00:00+00:00, run_after=2026-08-19 15:00:00+00:00
[2026-08-19T01:12:48.332+0000] {processor.py:208} INFO - Processing /opt/airflow/dags/arrivalytica_daily.py took 0.068 seconds
[2026-08-19T01:13:18.686+0000] {processor.py:186} INFO - Started process (PID=1025) to work on /opt/airflow/dags/arrivalytica_daily.py
[2026-08-19T01:13:18.687+0000] {processor.py:914} INFO - Processing file /opt/airflow/dags/arrivalytica_daily.py for tasks to queue
[2026-08-19T01:13:18.690+0000] {logging_mixin.py:190} INFO - [2026-08-19T01:13:18.689+0000] {dagbag.py:588} INFO - Filling up the DagBag from /opt/airflow/dags/arrivalytica_daily.py
[2026-08-19T01:13:18.702+0000] {processor.py:925} INFO - DAG(s) 'arrivalytica_daily' retrieved from /opt/airflow/dags/arrivalytica_daily.py
[2026-08-19T01:13:18.729+0000] {logging_mixin.py:190} INFO - [2026-08-19T01:13:18.729+0000] {dag.py:3239} INFO - Sync 1 DAGs
[2026-08-19T01:13:18.744+0000] {logging_mixin.py:190} INFO - [2026-08-19T01:13:18.744+0000] {dag.py:4180} INFO - Setting next_dagrun for arrivalytica_daily to 2026-08-18 15:00:00+00:00, run_after=2026-08-19 15:00:00+00:00
[2026-08-19T01:13:18.754+0000] {processor.py:208} INFO - Processing /opt/airflow/dags/arrivalytica_daily.py took 0.075 seconds
[2026-08-19T01:13:49.025+0000] {processor.py:186} INFO - Started process (PID=1030) to work on /opt/airflow/dags/arrivalytica_daily.py
[2026-08-19T01:13:49.026+0000] {processor.py:914} INFO - Processing file /opt/airflow/dags/arrivalytica_daily.py for tasks to queue
[2026-08-19T01:13:49.032+0000] {logging_mixin.py:190} INFO - [2026-08-19T01:13:49.029+0000] {dagbag.py:588} INFO - Filling up the DagBag from /opt/airflow/dags/arrivalytica_daily.py
[2026-08-19T01:13:49.051+0000] {processor.py:925} INFO - DAG(s) 'arrivalytica_daily' retrieved from /opt/airflow/dags/arrivalytica_daily.py
[2026-08-19T01:13:49.074+0000] {logging_mixin.py:190} INFO - [2026-08-19T01:13:49.074+0000] {dag.py:3239} INFO - Sync 1 DAGs
[2026-08-19T01:13:49.087+0000] {logging_mixin.py:190} INFO - [2026-08-19T01:13:49.087+0000] {dag.py:4180} INFO - Setting next_dagrun for arrivalytica_daily to 2026-08-18 15:00:00+00:00, run_after=2026-08-19 15:00:00+00:00
[2026-08-19T01:13:49.095+0000] {processor.py:208} INFO - Processing /opt/airflow/dags/arrivalytica_daily.py took 0.083 seconds
[2026-08-19T01:14:19.394+0000] {processor.py:186} INFO - Started process (PID=1035) to work on /opt/airflow/dags/arrivalytica_daily.py
[2026-08-19T01:14:19.395+0000] {processor.py:914} INFO - Processing file /opt/airflow/dags/arrivalytica_daily.py for tasks to queue
[2026-08-19T01:14:19.397+0000] {logging_mixin.py:190} INFO - [2026-08-19T01:14:19.397+0000] {dagbag.py:588} INFO - Filling up the DagBag from /opt/airflow/dags/arrivalytica_daily.py
[2026-08-19T01:14:19.408+0000] {processor.py:925} INFO - DAG(s) 'arrivalytica_daily' retrieved from /opt/airflow/dags/arrivalytica_daily.py
[2026-08-19T01:14:19.431+0000] {logging_mixin.py:190} INFO - [2026-08-19T01:14:19.431+0000] {dag.py:3239} INFO - Sync 1 DAGs
[2026-08-19T01:14:19.445+0000] {logging_mixin.py:190} INFO - [2026-08-19T01:14:19.445+0000] {dag.py:4180} INFO - Setting next_dagrun for arrivalytica_daily to 2026-08-18 15:00:00+00:00, run_after=2026-08-19 15:00:00+00:00
[2026-08-19T01:14:19.454+0000] {processor.py:208} INFO - Processing /opt/airflow/dags/arrivalytica_daily.py took 0.067 seconds
[2026-08-19T01:14:49.735+0000] {processor.py:186} INFO - Started process (PID=1040) to work on /opt/airflow/dags/arrivalytica_daily.py
[2026-08-19T01:14:49.736+0000] {processor.py:914} INFO - Processing file /opt/airflow/dags/arrivalytica_daily.py for tasks to queue
[2026-08-19T01:14:49.737+0000] {logging_mixin.py:190} INFO - [2026-08-19T01:14:49.737+0000] {dagbag.py:588} INFO - Filling up the DagBag from /opt/airflow/dags/arrivalytica_daily.py
[2026-08-19T01:14:49.747+0000] {processor.py:925} INFO - DAG(s) 'arrivalytica_daily' retrieved from /opt/airflow/dags/arrivalytica_daily.py
[2026-08-19T01:14:49.770+0000] {logging_mixin.py:190} INFO - [2026-08-19T01:14:49.770+0000] {dag.py:3239} INFO - Sync 1 DAGs
[2026-08-19T01:14:49.784+0000] {logging_mixin.py:190} INFO - [2026-08-19T01:14:49.784+0000] {dag.py:4180} INFO - Setting next_dagrun for arrivalytica_daily to 2026-08-18 15:00:00+00:00, run_after=2026-08-19 15:00:00+00:00
[2026-08-19T01:14:49.793+0000] {processor.py:208} INFO - Processing /opt/airflow/dags/arrivalytica_daily.py took 0.068 seconds
[2026-08-19T01:15:20.038+0000] {processor.py:186} INFO - Started process (PID=1045) to work on /opt/airflow/dags/arrivalytica_daily.py
[2026-08-19T01:15:20.039+0000] {processor.py:914} INFO - Processing file /opt/airflow/dags/arrivalytica_daily.py for tasks to queue
[2026-08-19T01:15:20.044+0000] {logging_mixin.py:190} INFO - [2026-08-19T01:15:20.043+0000] {dagbag.py:588} INFO - Filling up the DagBag from /opt/airflow/dags/arrivalytica_daily.py
[2026-08-19T01:15:20.064+0000] {processor.py:925} INFO - DAG(s) 'arrivalytica_daily' retrieved from /opt/airflow/dags/arrivalytica_daily.py
[2026-08-19T01:15:20.088+0000] {logging_mixin.py:190} INFO - [2026-08-19T01:15:20.088+0000] {dag.py:3239} INFO - Sync 1 DAGs
[2026-08-19T01:15:20.101+0000] {logging_mixin.py:190} INFO - [2026-08-19T01:15:20.101+0000] {dag.py:4180} INFO - Setting next_dagrun for arrivalytica_daily to 2026-08-18 15:00:00+00:00, run_after=2026-08-19 15:00:00+00:00
[2026-08-19T01:15:20.109+0000] {processor.py:208} INFO - Processing /opt/airflow/dags/arrivalytica_daily.py took 0.080 seconds
